COUNTRY,Country,WEEK,Week number,GENDER,Gender,AGE,Age,VARIABLE,Variable,YEAR,Year,Value,Flag Codes,Flags
IRL,Ireland,41,41,FEMALE,Females,TOTAL,Total,ALLCAUNB,All-cause deaths (number),2019,2019,289,,
IRL,Ireland,42,42,FEMALE,Females,TOTAL,Total,ALLCAUNB,All-cause deaths (number),2019,2019,264,,
IRL,Ireland,43,43,FEMALE,Females,TOTAL,Total,ALLCAUNB,All-cause deaths (number),2019,2019,307,,
IRL,Ireland,44,44,FEMALE,Females,TOTAL,Total,ALLCAUNB,All-cause deaths (number),2019,2019,325,,
IRL,Ireland,45,45,FEMALE,Females,TOTAL,Total,ALLCAUNB,All-cause deaths (number),2019,2019,273,,
IRL,Ireland,46,46,FEMALE,Females,TOTAL,Total,ALLCAUNB,All-cause deaths (number),2019,2019,296,,
IRL,Ireland,47,47,FEMALE,Females,TOTAL,Total,ALLCAUNB,All-cause deaths (number),2019,2019,321,,
IRL,Ireland,48,48,FEMALE,Females,TOTAL,Total,ALLCAUNB,All-cause deaths (number),2019,2019,297,,
IRL,Ireland,49,49,FEMALE,Females,TOTAL,Total,ALLCAUNB,All-cause deaths (number),2019,2019,313,,
IRL,Ireland,50,50,FEMALE,Females,TOTAL,Total,ALLCAUNB,All-cause deaths (number),2019,2019,327,,
IRL,Ireland,51,51,FEMALE,Females,TOTAL,Total,ALLCAUNB,All-cause deaths (number),2019,2019,350,,
IRL,Ireland,52,52,FEMALE,Females,TOTAL,Total,ALLCAUNB,All-cause deaths (number),2019,2019,328,,
IRL,Ireland,1,1,FEMALE,Females,TOTAL,Total,ALLCAUNB,All-cause deaths (number),2020,2020,375,,
IRL,Ireland,2,2,FEMALE,Females,TOTAL,Total,ALLCAUNB,All-cause deaths (number),2020,2020,377,,
IRL,Ireland,3,3,FEMALE,Females,TOTAL,Total,ALLCAUNB,All-cause deaths (number),2020,2020,324,,
IRL,Ireland,4,4,FEMALE,Females,TOTAL,Total,ALLCAUNB,All-cause deaths (number),2020,2020,313,,
IRL,Ireland,5,5,FEMALE,Females,TOTAL,Total,ALLCAUNB,All-cause deaths (number),2020,2020,307,,
IRL,Ireland,6,6,FEMALE,Females,TOTAL,Total,ALLCAUNB,All-cause deaths (number),2020,2020,309,,
IRL,Ireland,7,7,FEMALE,Females,TOTAL,Total,ALLCAUNB,All-cause deaths (number),2020,2020,329,,
IRL,Ireland,8,8,FEMALE,Females,TOTAL,Total,ALLCAUNB,All-cause deaths (number),2020,2020,305,,
IRL,Ireland,9,9,FEMALE,Females,TOTAL,Total,ALLCAUNB,All-cause deaths (number),2020,2020,312,,
IRL,Ireland,10,10,FEMALE,Females,TOTAL,Total,ALLCAUNB,All-cause deaths (number),2020,2020,310,,
IRL,Ireland,11,11,FEMALE,Females,TOTAL,Total,ALLCAUNB,All-cause deaths (number),2020,2020,296,,
IRL,Ireland,12,12,FEMALE,Females,TOTAL,Total,ALLCAUNB,All-cause deaths (number),2020,2020,288,,
IRL,Ireland,13,13,FEMALE,Females,TOTAL,Total,ALLCAUNB,All-cause deaths (number),2020,2020,309,,
IRL,Ireland,14,14,FEMALE,Females,TOTAL,Total,ALLCAUNB,All-cause deaths (number),2020,2020,380,,
IRL,Ireland,15,15,FEMALE,Females,TOTAL,Total,ALLCAUNB,All-cause deaths (number),2020,2020,464,,
IRL,Ireland,16,16,FEMALE,Females,TOTAL,Total,ALLCAUNB,All-cause deaths (number),2020,2020,407,,
IRL,Ireland,17,17,FEMALE,Females,TOTAL,Total,ALLCAUNB,All-cause deaths (number),2020,2020,375,,
IRL,Ireland,18,18,FEMALE,Females,TOTAL,Total,ALLCAUNB,All-cause deaths (number),2020,2020,335,,
IRL,Ireland,19,19,FEMALE,Females,TOTAL,Total,ALLCAUNB,All-cause deaths (number),2020,2020,336,,
IRL,Ireland,20,20,FEMALE,Females,TOTAL,Total,ALLCAUNB,All-cause deaths (number),2020,2020,294,,
IRL,Ireland,21,21,FEMALE,Females,TOTAL,Total,ALLCAUNB,All-cause deaths (number),2020,2020,259,,
IRL,Ireland,22,22,FEMALE,Females,TOTAL,Total,ALLCAUNB,All-cause deaths (number),2020,2020,277,,
IRL,Ireland,23,23,FEMALE,Females,TOTAL,Total,ALLCAUNB,All-cause deaths (number),2020,2020,241,,
IRL,Ireland,24,24,FEMALE,Females,TOTAL,Total,ALLCAUNB,All-cause deaths (number),2020,2020,256,,
IRL,Ireland,25,25,FEMALE,Females,TOTAL,Total,ALLCAUNB,All-cause deaths (number),2020,2020,241,,
IRL,Ireland,26,26,FEMALE,Females,TOTAL,Total,ALLCAUNB,All-cause deaths (number),2020,2020,278,,
IRL,Ireland,27,27,FEMALE,Females,TOTAL,Total,ALLCAUNB,All-cause deaths (number),2020,2020,242,,
IRL,Ireland,28,28,FEMALE,Females,TOTAL,Total,ALLCAUNB,All-cause deaths (number),2020,2020,248,,
IRL,Ireland,29,29,FEMALE,Females,TOTAL,Total,ALLCAUNB,All-cause deaths (number),2020,2020,281,,
IRL,Ireland,30,30,FEMALE,Females,TOTAL,Total,ALLCAUNB,All-cause deaths (number),2020,2020,243,,
IRL,Ireland,31,31,FEMALE,Females,TOTAL,Total,ALLCAUNB,All-cause deaths (number),2020,2020,222,,
IRL,Ireland,32,32,FEMALE,Females,TOTAL,Total,ALLCAUNB,All-cause deaths (number),2020,2020,245,,
IRL,Ireland,33,33,FEMALE,Females,TOTAL,Total,ALLCAUNB,All-cause deaths (number),2020,2020,271,,
IRL,Ireland,34,34,FEMALE,Females,TOTAL,Total,ALLCAUNB,All-cause deaths (number),2020,2020,248,,
IRL,Ireland,35,35,FEMALE,Females,TOTAL,Total,ALLCAUNB,All-cause deaths (number),2020,2020,272,,
IRL,Ireland,36,36,FEMALE,Females,TOTAL,Total,ALLCAUNB,All-cause deaths (number),2020,2020,266,,
IRL,Ireland,37,37,FEMALE,Females,TOTAL,Total,ALLCAUNB,All-cause deaths (number),2020,2020,292,,
IRL,Ireland,38,38,FEMALE,Females,TOTAL,Total,ALLCAUNB,All-cause deaths (number),2020,2020,237,,
IRL,Ireland,39,39,FEMALE,Females,TOTAL,Total,ALLCAUNB,All-cause deaths (number),2020,2020,270,,
IRL,Ireland,40,40,FEMALE,Females,TOTAL,Total,ALLCAUNB,All-cause deaths (number),2020,2020,276,,
IRL,Ireland,41,41,FEMALE,Females,TOTAL,Total,ALLCAUNB,All-cause deaths (number),2020,2020,272,,
IRL,Ireland,42,42,FEMALE,Females,TOTAL,Total,ALLCAUNB,All-cause deaths (number),2020,2020,273,,
IRL,Ireland,43,43,FEMALE,Females,TOTAL,Total,ALLCAUNB,All-cause deaths (number),2020,2020,315,,
IRL,Ireland,44,44,FEMALE,Females,TOTAL,Total,ALLCAUNB,All-cause deaths (number),2020,2020,302,,
IRL,Ireland,45,45,FEMALE,Females,TOTAL,Total,ALLCAUNB,All-cause deaths (number),2020,2020,252,,
IRL,Ireland,46,46,FEMALE,Females,TOTAL,Total,ALLCAUNB,All-cause deaths (number),2020,2020,309,,
IRL,Ireland,47,47,FEMALE,Females,TOTAL,Total,ALLCAUNB,All-cause deaths (number),2020,2020,263,,
IRL,Ireland,48,48,FEMALE,Females,TOTAL,Total,ALLCAUNB,All-cause deaths (number),2020,2020,285,,
IRL,Ireland,49,49,FEMALE,Females,TOTAL,Total,ALLCAUNB,All-cause deaths (number),2020,2020,298,,
IRL,Ireland,50,50,FEMALE,Females,TOTAL,Total,ALLCAUNB,All-cause deaths (number),2020,2020,300,,
IRL,Ireland,51,51,FEMALE,Females,TOTAL,Total,ALLCAUNB,All-cause deaths (number),2020,2020,282,,
IRL,Ireland,52,52,FEMALE,Females,TOTAL,Total,ALLCAUNB,All-cause deaths (number),2020,2020,284,,
IRL,Ireland,53,53,FEMALE,Females,TOTAL,Total,ALLCAUNB,All-cause deaths (number),2020,2020,319,,
IRL,Ireland,1,1,FEMALE,Females,TOTAL,Total,ALLCAUNB,All-cause deaths (number),2021,2021,372,,
IRL,Ireland,2,2,FEMALE,Females,TOTAL,Total,ALLCAUNB,All-cause deaths (number),2021,2021,439,,
IRL,Ireland,3,3,FEMALE,Females,TOTAL,Total,ALLCAUNB,All-cause deaths (number),2021,2021,492,,
IRL,Ireland,4,4,FEMALE,Females,TOTAL,Total,ALLCAUNB,All-cause deaths (number),2021,2021,483,,
IRL,Ireland,5,5,FEMALE,Females,TOTAL,Total,ALLCAUNB,All-cause deaths (number),2021,2021,448,,
IRL,Ireland,6,6,FEMALE,Females,TOTAL,Total,ALLCAUNB,All-cause deaths (number),2021,2021,389,,
IRL,Ireland,7,7,FEMALE,Females,TOTAL,Total,ALLCAUNB,All-cause deaths (number),2021,2021,355,,
IRL,Ireland,8,8,FEMALE,Females,TOTAL,Total,ALLCAUNB,All-cause deaths (number),2021,2021,307,,
IRL,Ireland,9,9,FEMALE,Females,TOTAL,Total,ALLCAUNB,All-cause deaths (number),2021,2021,290,,
IRL,Ireland,10,10,FEMALE,Females,TOTAL,Total,ALLCAUNB,All-cause deaths (number),2021,2021,295,,
IRL,Ireland,11,11,FEMALE,Females,TOTAL,Total,ALLCAUNB,All-cause deaths (number),2021,2021,259,,
IRL,Ireland,12,12,FEMALE,Females,TOTAL,Total,ALLCAUNB,All-cause deaths (number),2021,2021,281,,
IRL,Ireland,13,13,FEMALE,Females,TOTAL,Total,ALLCAUNB,All-cause deaths (number),2021,2021,302,,
IRL,Ireland,14,14,FEMALE,Females,TOTAL,Total,ALLCAUNB,All-cause deaths (number),2021,2021,269,,
IRL,Ireland,15,15,FEMALE,Females,TOTAL,Total,ALLCAUNB,All-cause deaths (number),2021,2021,279,,
IRL,Ireland,16,16,FEMALE,Females,TOTAL,Total,ALLCAUNB,All-cause deaths (number),2021,2021,300,,
IRL,Ireland,17,17,FEMALE,Females,TOTAL,Total,ALLCAUNB,All-cause deaths (number),2021,2021,265,,
IRL,Ireland,18,18,FEMALE,Females,TOTAL,Total,ALLCAUNB,All-cause deaths (number),2021,2021,286,,
IRL,Ireland,19,19,FEMALE,Females,TOTAL,Total,ALLCAUNB,All-cause deaths (number),2021,2021,290,,
IRL,Ireland,20,20,FEMALE,Females,TOTAL,Total,ALLCAUNB,All-cause deaths (number),2021,2021,280,,
IRL,Ireland,21,21,FEMALE,Females,TOTAL,Total,ALLCAUNB,All-cause deaths (number),2021,2021,288,,
IRL,Ireland,22,22,FEMALE,Females,TOTAL,Total,ALLCAUNB,All-cause deaths (number),2021,2021,277,,
IRL,Ireland,23,23,FEMALE,Females,TOTAL,Total,ALLCAUNB,All-cause deaths (number),2021,2021,267,,
IRL,Ireland,24,24,FEMALE,Females,TOTAL,Total,ALLCAUNB,All-cause deaths (number),2021,2021,241,,
IRL,Ireland,25,25,FEMALE,Females,TOTAL,Total,ALLCAUNB,All-cause deaths (number),2021,2021,256,,
IRL,Ireland,26,26,FEMALE,Females,TOTAL,Total,ALLCAUNB,All-cause deaths (number),2021,2021,277,,
IRL,Ireland,27,27,FEMALE,Females,TOTAL,Total,ALLCAUNB,All-cause deaths (number),2021,2021,236,,
IRL,Ireland,28,28,FEMALE,Females,TOTAL,Total,ALLCAUNB,All-cause deaths (number),2021,2021,283,,
IRL,Ireland,29,29,FEMALE,Females,TOTAL,Total,ALLCAUNB,All-cause deaths (number),2021,2021,343,,
IRL,Ireland,30,30,FEMALE,Females,TOTAL,Total,ALLCAUNB,All-cause deaths (number),2021,2021,261,,
IRL,Ireland,31,31,FEMALE,Females,TOTAL,Total,ALLCAUNB,All-cause deaths (number),2021,2021,257,,
IRL,Ireland,32,32,FEMALE,Females,TOTAL,Total,ALLCAUNB,All-cause deaths (number),2021,2021,293,,
IRL,Ireland,33,33,FEMALE,Females,TOTAL,Total,ALLCAUNB,All-cause deaths (number),2021,2021,287,,
IRL,Ireland,34,34,FEMALE,Females,TOTAL,Total,ALLCAUNB,All-cause deaths (number),2021,2021,265,,
IRL,Ireland,35,35,FEMALE,Females,TOTAL,Total,ALLCAUNB,All-cause deaths (number),2021,2021,294,,
IRL,Ireland,36,36,FEMALE,Females,TOTAL,Total,ALLCAUNB,All-cause deaths (number),2021,2021,307,,
IRL,Ireland,37,37,FEMALE,Females,TOTAL,Total,ALLCAUNB,All-cause deaths (number),2021,2021,278,,
IRL,Ireland,38,38,FEMALE,Females,TOTAL,Total,ALLCAUNB,All-cause deaths (number),2021,2021,292,,
IRL,Ireland,39,39,FEMALE,Females,TOTAL,Total,ALLCAUNB,All-cause deaths (number),2021,2021,338,,
IRL,Ireland,40,40,FEMALE,Females,TOTAL,Total,ALLCAUNB,All-cause deaths (number),2021,2021,304,,
IRL,Ireland,41,41,FEMALE,Females,TOTAL,Total,ALLCAUNB,All-cause deaths (number),2021,2021,308,,
IRL,Ireland,42,42,FEMALE,Females,TOTAL,Total,ALLCAUNB,All-cause deaths (number),2021,2021,335,,
IRL,Ireland,43,43,FEMALE,Females,TOTAL,Total,ALLCAUNB,All-cause deaths (number),2021,2021,305,,
IRL,Ireland,44,44,FEMALE,Females,TOTAL,Total,ALLCAUNB,All-cause deaths (number),2021,2021,360,,
IRL,Ireland,45,45,FEMALE,Females,TOTAL,Total,ALLCAUNB,All-cause deaths (number),2021,2021,330,,
IRL,Ireland,46,46,FEMALE,Females,TOTAL,Total,ALLCAUNB,All-cause deaths (number),2021,2021,314,,
IRL,Ireland,47,47,FEMALE,Females,TOTAL,Total,ALLCAUNB,All-cause deaths (number),2021,2021,372,,
IRL,Ireland,48,48,FEMALE,Females,TOTAL,Total,ALLCAUNB,All-cause deaths (number),2021,2021,358,,
IRL,Ireland,49,49,FEMALE,Females,TOTAL,Total,ALLCAUNB,All-cause deaths (number),2021,2021,362,,
IRL,Ireland,50,50,FEMALE,Females,TOTAL,Total,ALLCAUNB,All-cause deaths (number),2021,2021,320,,
IRL,Ireland,51,51,FEMALE,Females,TOTAL,Total,ALLCAUNB,All-cause deaths (number),2021,2021,341,,
IRL,Ireland,52,52,FEMALE,Females,TOTAL,Total,ALLCAUNB,All-cause deaths (number),2021,2021,304,,
IRL,Ireland,1,1,FEMALE,Females,TOTAL,Total,ALLCAUNB,All-cause deaths (number),2022,2022,333,,
IRL,Ireland,2,2,FEMALE,Females,TOTAL,Total,ALLCAUNB,All-cause deaths (number),2022,2022,313,,
IRL,Ireland,3,3,FEMALE,Females,TOTAL,Total,ALLCAUNB,All-cause deaths (number),2022,2022,351,,
IRL,Ireland,4,4,FEMALE,Females,TOTAL,Total,ALLCAUNB,All-cause deaths (number),2022,2022,350,,
IRL,Ireland,5,5,FEMALE,Females,TOTAL,Total,ALLCAUNB,All-cause deaths (number),2022,2022,352,,
IRL,Ireland,6,6,FEMALE,Females,TOTAL,Total,ALLCAUNB,All-cause deaths (number),2022,2022,305,,
IRL,Ireland,7,7,FEMALE,Females,TOTAL,Total,ALLCAUNB,All-cause deaths (number),2022,2022,334,,
IRL,Ireland,8,8,FEMALE,Females,TOTAL,Total,ALLCAUNB,All-cause deaths (number),2022,2022,336,,
IRL,Ireland,9,9,FEMALE,Females,TOTAL,Total,ALLCAUNB,All-cause deaths (number),2022,2022,304,,
IRL,Ireland,10,10,FEMALE,Females,TOTAL,Total,ALLCAUNB,All-cause deaths (number),2022,2022,361,,
IRL,Ireland,11,11,FEMALE,Females,TOTAL,Total,ALLCAUNB,All-cause deaths (number),2022,2022,304,,
IRL,Ireland,12,12,FEMALE,Females,TOTAL,Total,ALLCAUNB,All-cause deaths (number),2022,2022,321,,
IRL,Ireland,13,13,FEMALE,Females,TOTAL,Total,ALLCAUNB,All-cause deaths (number),2022,2022,328,,
IRL,Ireland,14,14,FEMALE,Females,TOTAL,Total,ALLCAUNB,All-cause deaths (number),2022,2022,349,,
IRL,Ireland,15,15,FEMALE,Females,TOTAL,Total,ALLCAUNB,All-cause deaths (number),2022,2022,385,,
IRL,Ireland,16,16,FEMALE,Females,TOTAL,Total,ALLCAUNB,All-cause deaths (number),2022,2022,342,,
IRL,Ireland,17,17,FEMALE,Females,TOTAL,Total,ALLCAUNB,All-cause deaths (number),2022,2022,315,,
IRL,Ireland,18,18,FEMALE,Females,TOTAL,Total,ALLCAUNB,All-cause deaths (number),2022,2022,282,,
IRL,Ireland,19,19,FEMALE,Females,TOTAL,Total,ALLCAUNB,All-cause deaths (number),2022,2022,348,,
IRL,Ireland,20,20,FEMALE,Females,TOTAL,Total,ALLCAUNB,All-cause deaths (number),2022,2022,306,,
IRL,Ireland,21,21,FEMALE,Females,TOTAL,Total,ALLCAUNB,All-cause deaths (number),2022,2022,320,,
IRL,Ireland,22,22,FEMALE,Females,TOTAL,Total,ALLCAUNB,All-cause deaths (number),2022,2022,262,,
IRL,Ireland,23,23,FEMALE,Females,TOTAL,Total,ALLCAUNB,All-cause deaths (number),2022,2022,304,,
IRL,Ireland,24,24,FEMALE,Females,TOTAL,Total,ALLCAUNB,All-cause deaths (number),2022,2022,300,,
IRL,Ireland,25,25,FEMALE,Females,TOTAL,Total,ALLCAUNB,All-cause deaths (number),2022,2022,275,,
IRL,Ireland,26,26,FEMALE,Females,TOTAL,Total,ALLCAUNB,All-cause deaths (number),2022,2022,294,,
IRL,Ireland,27,27,FEMALE,Females,TOTAL,Total,ALLCAUNB,All-cause deaths (number),2022,2022,293,,
IRL,Ireland,28,28,FEMALE,Females,TOTAL,Total,ALLCAUNB,All-cause deaths (number),2022,2022,302,,
IRL,Ireland,29,29,FEMALE,Females,TOTAL,Total,ALLCAUNB,All-cause deaths (number),2022,2022,286,,
IRL,Ireland,30,30,FEMALE,Females,TOTAL,Total,ALLCAUNB,All-cause deaths (number),2022,2022,288,,
IRL,Ireland,31,31,FEMALE,Females,TOTAL,Total,ALLCAUNB,All-cause deaths (number),2022,2022,282,,
IRL,Ireland,32,32,FEMALE,Females,TOTAL,Total,ALLCAUNB,All-cause deaths (number),2022,2022,300,,
IRL,Ireland,33,33,FEMALE,Females,TOTAL,Total,ALLCAUNB,All-cause deaths (number),2022,2022,288,,
IRL,Ireland,34,34,FEMALE,Females,TOTAL,Total,ALLCAUNB,All-cause deaths (number),2022,2022,310,,
IRL,Ireland,35,35,FEMALE,Females,TOTAL,Total,ALLCAUNB,All-cause deaths (number),2022,2022,273,,
IRL,Ireland,36,36,FEMALE,Females,TOTAL,Total,ALLCAUNB,All-cause deaths (number),2022,2022,316,,
IRL,Ireland,37,37,FEMALE,Females,TOTAL,Total,ALLCAUNB,All-cause deaths (number),2022,2022,273,,
IRL,Ireland,38,38,FEMALE,Females,TOTAL,Total,ALLCAUNB,All-cause deaths (number),2022,2022,312,,
IRL,Ireland,39,39,FEMALE,Females,TOTAL,Total,ALLCAUNB,All-cause deaths (number),2022,2022,316,,
IRL,Ireland,40,40,FEMALE,Females,TOTAL,Total,ALLCAUNB,All-cause deaths (number),2022,2022,336,,
IRL,Ireland,41,41,FEMALE,Females,TOTAL,Total,ALLCAUNB,All-cause deaths (number),2022,2022,344,,
IRL,Ireland,42,42,FEMALE,Females,TOTAL,Total,ALLCAUNB,All-cause deaths (number),2022,2022,326,,
IRL,Ireland,43,43,FEMALE,Females,TOTAL,Total,ALLCAUNB,All-cause deaths (number),2022,2022,316,,
IRL,Ireland,44,44,FEMALE,Females,TOTAL,Total,ALLCAUNB,All-cause deaths (number),2022,2022,330,,
IRL,Ireland,45,45,FEMALE,Females,TOTAL,Total,ALLCAUNB,All-cause deaths (number),2022,2022,318,,
IRL,Ireland,46,46,FEMALE,Females,TOTAL,Total,ALLCAUNB,All-cause deaths (number),2022,2022,360,,
IRL,Ireland,47,47,FEMALE,Females,TOTAL,Total,ALLCAUNB,All-cause deaths (number),2022,2022,326,,
IRL,Ireland,48,48,FEMALE,Females,TOTAL,Total,ALLCAUNB,All-cause deaths (number),2022,2022,364,,
IRL,Ireland,49,49,FEMALE,Females,TOTAL,Total,ALLCAUNB,All-cause deaths (number),2022,2022,387,,
IRL,Ireland,50,50,FEMALE,Females,TOTAL,Total,ALLCAUNB,All-cause deaths (number),2022,2022,399,,
IRL,Ireland,51,51,FEMALE,Females,TOTAL,Total,ALLCAUNB,All-cause deaths (number),2022,2022,446,,
IRL,Ireland,52,52,FEMALE,Females,TOTAL,Total,ALLCAUNB,All-cause deaths (number),2022,2022,485,,
IRL,Ireland,1,1,FEMALE,Females,TOTAL,Total,ALLCAUNB,All-cause deaths (number),2023,2023,483,,
IRL,Ireland,2,2,FEMALE,Females,TOTAL,Total,ALLCAUNB,All-cause deaths (number),2023,2023,443,,
IRL,Ireland,3,3,FEMALE,Females,TOTAL,Total,ALLCAUNB,All-cause deaths (number),2023,2023,399,,
IRL,Ireland,4,4,FEMALE,Females,TOTAL,Total,ALLCAUNB,All-cause deaths (number),2023,2023,368,,
IRL,Ireland,5,5,FEMALE,Females,TOTAL,Total,ALLCAUNB,All-cause deaths (number),2023,2023,319,,
IRL,Ireland,6,6,FEMALE,Females,TOTAL,Total,ALLCAUNB,All-cause deaths (number),2023,2023,323,,
IRL,Ireland,7,7,FEMALE,Females,TOTAL,Total,ALLCAUNB,All-cause deaths (number),2023,2023,327,,
IRL,Ireland,8,8,FEMALE,Females,TOTAL,Total,ALLCAUNB,All-cause deaths (number),2023,2023,325,,
IRL,Ireland,41,41,MALE,Males,TOTAL,Total,ALLCAUNB,All-cause deaths (number),2019,2019,307,,
IRL,Ireland,42,42,MALE,Males,TOTAL,Total,ALLCAUNB,All-cause deaths (number),2019,2019,330,,
IRL,Ireland,43,43,MALE,Males,TOTAL,Total,ALLCAUNB,All-cause deaths (number),2019,2019,297,,
IRL,Ireland,44,44,MALE,Males,TOTAL,Total,ALLCAUNB,All-cause deaths (number),2019,2019,312,,
IRL,Ireland,45,45,MALE,Males,TOTAL,Total,ALLCAUNB,All-cause deaths (number),2019,2019,324,,
IRL,Ireland,46,46,MALE,Males,TOTAL,Total,ALLCAUNB,All-cause deaths (number),2019,2019,328,,
IRL,Ireland,47,47,MALE,Males,TOTAL,Total,ALLCAUNB,All-cause deaths (number),2019,2019,333,,
IRL,Ireland,48,48,MALE,Males,TOTAL,Total,ALLCAUNB,All-cause deaths (number),2019,2019,332,,
IRL,Ireland,49,49,MALE,Males,TOTAL,Total,ALLCAUNB,All-cause deaths (number),2019,2019,326,,
IRL,Ireland,50,50,MALE,Males,TOTAL,Total,ALLCAUNB,All-cause deaths (number),2019,2019,347,,
IRL,Ireland,51,51,MALE,Males,TOTAL,Total,ALLCAUNB,All-cause deaths (number),2019,2019,375,,
IRL,Ireland,52,52,MALE,Males,TOTAL,Total,ALLCAUNB,All-cause deaths (number),2019,2019,381,,
IRL,Ireland,1,1,MALE,Males,TOTAL,Total,ALLCAUNB,All-cause deaths (number),2020,2020,333,,
IRL,Ireland,2,2,MALE,Males,TOTAL,Total,ALLCAUNB,All-cause deaths (number),2020,2020,360,,
IRL,Ireland,3,3,MALE,Males,TOTAL,Total,ALLCAUNB,All-cause deaths (number),2020,2020,324,,
IRL,Ireland,4,4,MALE,Males,TOTAL,Total,ALLCAUNB,All-cause deaths (number),2020,2020,309,,
IRL,Ireland,5,5,MALE,Males,TOTAL,Total,ALLCAUNB,All-cause deaths (number),2020,2020,332,,
IRL,Ireland,6,6,MALE,Males,TOTAL,Total,ALLCAUNB,All-cause deaths (number),2020,2020,330,,
IRL,Ireland,7,7,MALE,Males,TOTAL,Total,ALLCAUNB,All-cause deaths (number),2020,2020,334,,
IRL,Ireland,8,8,MALE,Males,TOTAL,Total,ALLCAUNB,All-cause deaths (number),2020,2020,325,,
IRL,Ireland,9,9,MALE,Males,TOTAL,Total,ALLCAUNB,All-cause deaths (number),2020,2020,313,,
IRL,Ireland,10,10,MALE,Males,TOTAL,Total,ALLCAUNB,All-cause deaths (number),2020,2020,332,,
IRL,Ireland,11,11,MALE,Males,TOTAL,Total,ALLCAUNB,All-cause deaths (number),2020,2020,326,,
IRL,Ireland,12,12,MALE,Males,TOTAL,Total,ALLCAUNB,All-cause deaths (number),2020,2020,338,,
IRL,Ireland,13,13,MALE,Males,TOTAL,Total,ALLCAUNB,All-cause deaths (number),2020,2020,371,,
IRL,Ireland,14,14,MALE,Males,TOTAL,Total,ALLCAUNB,All-cause deaths (number),2020,2020,455,,
IRL,Ireland,15,15,MALE,Males,TOTAL,Total,ALLCAUNB,All-cause deaths (number),2020,2020,434,,
IRL,Ireland,16,16,MALE,Males,TOTAL,Total,ALLCAUNB,All-cause deaths (number),2020,2020,441,,
IRL,Ireland,17,17,MALE,Males,TOTAL,Total,ALLCAUNB,All-cause deaths (number),2020,2020,387,,
IRL,Ireland,18,18,MALE,Males,TOTAL,Total,ALLCAUNB,All-cause deaths (number),2020,2020,361,,
IRL,Ireland,19,19,MALE,Males,TOTAL,Total,ALLCAUNB,All-cause deaths (number),2020,2020,318,,
IRL,Ireland,20,20,MALE,Males,TOTAL,Total,ALLCAUNB,All-cause deaths (number),2020,2020,311,,
IRL,Ireland,21,21,MALE,Males,TOTAL,Total,ALLCAUNB,All-cause deaths (number),2020,2020,290,,
IRL,Ireland,22,22,MALE,Males,TOTAL,Total,ALLCAUNB,All-cause deaths (number),2020,2020,298,,
IRL,Ireland,23,23,MALE,Males,TOTAL,Total,ALLCAUNB,All-cause deaths (number),2020,2020,279,,
IRL,Ireland,24,24,MALE,Males,TOTAL,Total,ALLCAUNB,All-cause deaths (number),2020,2020,281,,
IRL,Ireland,25,25,MALE,Males,TOTAL,Total,ALLCAUNB,All-cause deaths (number),2020,2020,281,,
IRL,Ireland,26,26,MALE,Males,TOTAL,Total,ALLCAUNB,All-cause deaths (number),2020,2020,231,,
IRL,Ireland,27,27,MALE,Males,TOTAL,Total,ALLCAUNB,All-cause deaths (number),2020,2020,238,,
IRL,Ireland,28,28,MALE,Males,TOTAL,Total,ALLCAUNB,All-cause deaths (number),2020,2020,267,,
IRL,Ireland,29,29,MALE,Males,TOTAL,Total,ALLCAUNB,All-cause deaths (number),2020,2020,281,,
IRL,Ireland,30,30,MALE,Males,TOTAL,Total,ALLCAUNB,All-cause deaths (number),2020,2020,281,,
IRL,Ireland,31,31,MALE,Males,TOTAL,Total,ALLCAUNB,All-cause deaths (number),2020,2020,256,,
IRL,Ireland,32,32,MALE,Males,TOTAL,Total,ALLCAUNB,All-cause deaths (number),2020,2020,291,,
IRL,Ireland,33,33,MALE,Males,TOTAL,Total,ALLCAUNB,All-cause deaths (number),2020,2020,259,,
IRL,Ireland,34,34,MALE,Males,TOTAL,Total,ALLCAUNB,All-cause deaths (number),2020,2020,292,,
IRL,Ireland,35,35,MALE,Males,TOTAL,Total,ALLCAUNB,All-cause deaths (number),2020,2020,269,,
IRL,Ireland,36,36,MALE,Males,TOTAL,Total,ALLCAUNB,All-cause deaths (number),2020,2020,268,,
IRL,Ireland,37,37,MALE,Males,TOTAL,Total,ALLCAUNB,All-cause deaths (number),2020,2020,313,,
IRL,Ireland,38,38,MALE,Males,TOTAL,Total,ALLCAUNB,All-cause deaths (number),2020,2020,278,,
IRL,Ireland,39,39,MALE,Males,TOTAL,Total,ALLCAUNB,All-cause deaths (number),2020,2020,268,,
IRL,Ireland,40,40,MALE,Males,TOTAL,Total,ALLCAUNB,All-cause deaths (number),2020,2020,342,,
IRL,Ireland,41,41,MALE,Males,TOTAL,Total,ALLCAUNB,All-cause deaths (number),2020,2020,328,,
IRL,Ireland,42,42,MALE,Males,TOTAL,Total,ALLCAUNB,All-cause deaths (number),2020,2020,322,,
IRL,Ireland,43,43,MALE,Males,TOTAL,Total,ALLCAUNB,All-cause deaths (number),2020,2020,308,,
IRL,Ireland,44,44,MALE,Males,TOTAL,Total,ALLCAUNB,All-cause deaths (number),2020,2020,342,,
IRL,Ireland,45,45,MALE,Males,TOTAL,Total,ALLCAUNB,All-cause deaths (number),2020,2020,329,,
IRL,Ireland,46,46,MALE,Males,TOTAL,Total,ALLCAUNB,All-cause deaths (number),2020,2020,312,,
IRL,Ireland,47,47,MALE,Males,TOTAL,Total,ALLCAUNB,All-cause deaths (number),2020,2020,320,,
IRL,Ireland,48,48,MALE,Males,TOTAL,Total,ALLCAUNB,All-cause deaths (number),2020,2020,299,,
IRL,Ireland,49,49,MALE,Males,TOTAL,Total,ALLCAUNB,All-cause deaths (number),2020,2020,310,,
IRL,Ireland,50,50,MALE,Males,TOTAL,Total,ALLCAUNB,All-cause deaths (number),2020,2020,299,,
IRL,Ireland,51,51,MALE,Males,TOTAL,Total,ALLCAUNB,All-cause deaths (number),2020,2020,335,,
IRL,Ireland,52,52,MALE,Males,TOTAL,Total,ALLCAUNB,All-cause deaths (number),2020,2020,351,,
IRL,Ireland,53,53,MALE,Males,TOTAL,Total,ALLCAUNB,All-cause deaths (number),2020,2020,358,,
IRL,Ireland,1,1,MALE,Males,TOTAL,Total,ALLCAUNB,All-cause deaths (number),2021,2021,426,,
IRL,Ireland,2,2,MALE,Males,TOTAL,Total,ALLCAUNB,All-cause deaths (number),2021,2021,479,,
IRL,Ireland,3,3,MALE,Males,TOTAL,Total,ALLCAUNB,All-cause deaths (number),2021,2021,493,,
IRL,Ireland,4,4,MALE,Males,TOTAL,Total,ALLCAUNB,All-cause deaths (number),2021,2021,499,,
IRL,Ireland,5,5,MALE,Males,TOTAL,Total,ALLCAUNB,All-cause deaths (number),2021,2021,450,,
IRL,Ireland,6,6,MALE,Males,TOTAL,Total,ALLCAUNB,All-cause deaths (number),2021,2021,456,,
IRL,Ireland,7,7,MALE,Males,TOTAL,Total,ALLCAUNB,All-cause deaths (number),2021,2021,405,,
IRL,Ireland,8,8,MALE,Males,TOTAL,Total,ALLCAUNB,All-cause deaths (number),2021,2021,368,,
IRL,Ireland,9,9,MALE,Males,TOTAL,Total,ALLCAUNB,All-cause deaths (number),2021,2021,340,,
IRL,Ireland,10,10,MALE,Males,TOTAL,Total,ALLCAUNB,All-cause deaths (number),2021,2021,293,,
IRL,Ireland,11,11,MALE,Males,TOTAL,Total,ALLCAUNB,All-cause deaths (number),2021,2021,324,,
IRL,Ireland,12,12,MALE,Males,TOTAL,Total,ALLCAUNB,All-cause deaths (number),2021,2021,316,,
IRL,Ireland,13,13,MALE,Males,TOTAL,Total,ALLCAUNB,All-cause deaths (number),2021,2021,320,,
IRL,Ireland,14,14,MALE,Males,TOTAL,Total,ALLCAUNB,All-cause deaths (number),2021,2021,301,,
IRL,Ireland,15,15,MALE,Males,TOTAL,Total,ALLCAUNB,All-cause deaths (number),2021,2021,310,,
IRL,Ireland,16,16,MALE,Males,TOTAL,Total,ALLCAUNB,All-cause deaths (number),2021,2021,296,,
IRL,Ireland,17,17,MALE,Males,TOTAL,Total,ALLCAUNB,All-cause deaths (number),2021,2021,328,,
IRL,Ireland,18,18,MALE,Males,TOTAL,Total,ALLCAUNB,All-cause deaths (number),2021,2021,346,,
IRL,Ireland,19,19,MALE,Males,TOTAL,Total,ALLCAUNB,All-cause deaths (number),2021,2021,299,,
IRL,Ireland,20,20,MALE,Males,TOTAL,Total,ALLCAUNB,All-cause deaths (number),2021,2021,294,,
IRL,Ireland,21,21,MALE,Males,TOTAL,Total,ALLCAUNB,All-cause deaths (number),2021,2021,324,,
IRL,Ireland,22,22,MALE,Males,TOTAL,Total,ALLCAUNB,All-cause deaths (number),2021,2021,292,,
IRL,Ireland,23,23,MALE,Males,TOTAL,Total,ALLCAUNB,All-cause deaths (number),2021,2021,293,,
IRL,Ireland,24,24,MALE,Males,TOTAL,Total,ALLCAUNB,All-cause deaths (number),2021,2021,275,,
IRL,Ireland,25,25,MALE,Males,TOTAL,Total,ALLCAUNB,All-cause deaths (number),2021,2021,267,,
IRL,Ireland,26,26,MALE,Males,TOTAL,Total,ALLCAUNB,All-cause deaths (number),2021,2021,313,,
IRL,Ireland,27,27,MALE,Males,TOTAL,Total,ALLCAUNB,All-cause deaths (number),2021,2021,283,,
IRL,Ireland,28,28,MALE,Males,TOTAL,Total,ALLCAUNB,All-cause deaths (number),2021,2021,317,,
IRL,Ireland,29,29,MALE,Males,TOTAL,Total,ALLCAUNB,All-cause deaths (number),2021,2021,313,,
IRL,Ireland,30,30,MALE,Males,TOTAL,Total,ALLCAUNB,All-cause deaths (number),2021,2021,308,,
IRL,Ireland,31,31,MALE,Males,TOTAL,Total,ALLCAUNB,All-cause deaths (number),2021,2021,280,,
IRL,Ireland,32,32,MALE,Males,TOTAL,Total,ALLCAUNB,All-cause deaths (number),2021,2021,322,,
IRL,Ireland,33,33,MALE,Males,TOTAL,Total,ALLCAUNB,All-cause deaths (number),2021,2021,309,,
IRL,Ireland,34,34,MALE,Males,TOTAL,Total,ALLCAUNB,All-cause deaths (number),2021,2021,313,,
IRL,Ireland,35,35,MALE,Males,TOTAL,Total,ALLCAUNB,All-cause deaths (number),2021,2021,331,,
IRL,Ireland,36,36,MALE,Males,TOTAL,Total,ALLCAUNB,All-cause deaths (number),2021,2021,340,,
IRL,Ireland,37,37,MALE,Males,TOTAL,Total,ALLCAUNB,All-cause deaths (number),2021,2021,289,,
IRL,Ireland,38,38,MALE,Males,TOTAL,Total,ALLCAUNB,All-cause deaths (number),2021,2021,332,,
IRL,Ireland,39,39,MALE,Males,TOTAL,Total,ALLCAUNB,All-cause deaths (number),2021,2021,351,,
IRL,Ireland,40,40,MALE,Males,TOTAL,Total,ALLCAUNB,All-cause deaths (number),2021,2021,338,,
IRL,Ireland,41,41,MALE,Males,TOTAL,Total,ALLCAUNB,All-cause deaths (number),2021,2021,365,,
IRL,Ireland,42,42,MALE,Males,TOTAL,Total,ALLCAUNB,All-cause deaths (number),2021,2021,347,,
IRL,Ireland,43,43,MALE,Males,TOTAL,Total,ALLCAUNB,All-cause deaths (number),2021,2021,351,,
IRL,Ireland,44,44,MALE,Males,TOTAL,Total,ALLCAUNB,All-cause deaths (number),2021,2021,382,,
IRL,Ireland,45,45,MALE,Males,TOTAL,Total,ALLCAUNB,All-cause deaths (number),2021,2021,374,,
IRL,Ireland,46,46,MALE,Males,TOTAL,Total,ALLCAUNB,All-cause deaths (number),2021,2021,350,,
IRL,Ireland,47,47,MALE,Males,TOTAL,Total,ALLCAUNB,All-cause deaths (number),2021,2021,356,,
IRL,Ireland,48,48,MALE,Males,TOTAL,Total,ALLCAUNB,All-cause deaths (number),2021,2021,345,,
IRL,Ireland,49,49,MALE,Males,TOTAL,Total,ALLCAUNB,All-cause deaths (number),2021,2021,362,,
IRL,Ireland,50,50,MALE,Males,TOTAL,Total,ALLCAUNB,All-cause deaths (number),2021,2021,370,,
IRL,Ireland,51,51,MALE,Males,TOTAL,Total,ALLCAUNB,All-cause deaths (number),2021,2021,407,,
IRL,Ireland,52,52,MALE,Males,TOTAL,Total,ALLCAUNB,All-cause deaths (number),2021,2021,383,,
IRL,Ireland,1,1,MALE,Males,TOTAL,Total,ALLCAUNB,All-cause deaths (number),2022,2022,411,,
IRL,Ireland,2,2,MALE,Males,TOTAL,Total,ALLCAUNB,All-cause deaths (number),2022,2022,349,,
IRL,Ireland,3,3,MALE,Males,TOTAL,Total,ALLCAUNB,All-cause deaths (number),2022,2022,386,,
IRL,Ireland,4,4,MALE,Males,TOTAL,Total,ALLCAUNB,All-cause deaths (number),2022,2022,344,,
IRL,Ireland,5,5,MALE,Males,TOTAL,Total,ALLCAUNB,All-cause deaths (number),2022,2022,351,,
IRL,Ireland,6,6,MALE,Males,TOTAL,Total,ALLCAUNB,All-cause deaths (number),2022,2022,384,,
IRL,Ireland,7,7,MALE,Males,TOTAL,Total,ALLCAUNB,All-cause deaths (number),2022,2022,353,,
IRL,Ireland,8,8,MALE,Males,TOTAL,Total,ALLCAUNB,All-cause deaths (number),2022,2022,361,,
IRL,Ireland,9,9,MALE,Males,TOTAL,Total,ALLCAUNB,All-cause deaths (number),2022,2022,374,,
IRL,Ireland,10,10,MALE,Males,TOTAL,Total,ALLCAUNB,All-cause deaths (number),2022,2022,337,,
IRL,Ireland,11,11,MALE,Males,TOTAL,Total,ALLCAUNB,All-cause deaths (number),2022,2022,348,,
IRL,Ireland,12,12,MALE,Males,TOTAL,Total,ALLCAUNB,All-cause deaths (number),2022,2022,361,,
IRL,Ireland,13,13,MALE,Males,TOTAL,Total,ALLCAUNB,All-cause deaths (number),2022,2022,340,,
IRL,Ireland,14,14,MALE,Males,TOTAL,Total,ALLCAUNB,All-cause deaths (number),2022,2022,376,,
IRL,Ireland,15,15,MALE,Males,TOTAL,Total,ALLCAUNB,All-cause deaths (number),2022,2022,380,,
IRL,Ireland,16,16,MALE,Males,TOTAL,Total,ALLCAUNB,All-cause deaths (number),2022,2022,341,,
IRL,Ireland,17,17,MALE,Males,TOTAL,Total,ALLCAUNB,All-cause deaths (number),2022,2022,344,,
IRL,Ireland,18,18,MALE,Males,TOTAL,Total,ALLCAUNB,All-cause deaths (number),2022,2022,318,,
IRL,Ireland,19,19,MALE,Males,TOTAL,Total,ALLCAUNB,All-cause deaths (number),2022,2022,299,,
IRL,Ireland,20,20,MALE,Males,TOTAL,Total,ALLCAUNB,All-cause deaths (number),2022,2022,367,,
IRL,Ireland,21,21,MALE,Males,TOTAL,Total,ALLCAUNB,All-cause deaths (number),2022,2022,334,,
IRL,Ireland,22,22,MALE,Males,TOTAL,Total,ALLCAUNB,All-cause deaths (number),2022,2022,332,,
IRL,Ireland,23,23,MALE,Males,TOTAL,Total,ALLCAUNB,All-cause deaths (number),2022,2022,303,,
IRL,Ireland,24,24,MALE,Males,TOTAL,Total,ALLCAUNB,All-cause deaths (number),2022,2022,333,,
IRL,Ireland,25,25,MALE,Males,TOTAL,Total,ALLCAUNB,All-cause deaths (number),2022,2022,310,,
IRL,Ireland,26,26,MALE,Males,TOTAL,Total,ALLCAUNB,All-cause deaths (number),2022,2022,341,,
IRL,Ireland,27,27,MALE,Males,TOTAL,Total,ALLCAUNB,All-cause deaths (number),2022,2022,330,,
IRL,Ireland,28,28,MALE,Males,TOTAL,Total,ALLCAUNB,All-cause deaths (number),2022,2022,324,,
IRL,Ireland,29,29,MALE,Males,TOTAL,Total,ALLCAUNB,All-cause deaths (number),2022,2022,321,,
IRL,Ireland,30,30,MALE,Males,TOTAL,Total,ALLCAUNB,All-cause deaths (number),2022,2022,333,,
IRL,Ireland,31,31,MALE,Males,TOTAL,Total,ALLCAUNB,All-cause deaths (number),2022,2022,327,,
IRL,Ireland,32,32,MALE,Males,TOTAL,Total,ALLCAUNB,All-cause deaths (number),2022,2022,331,,
IRL,Ireland,33,33,MALE,Males,TOTAL,Total,ALLCAUNB,All-cause deaths (number),2022,2022,310,,
IRL,Ireland,34,34,MALE,Males,TOTAL,Total,ALLCAUNB,All-cause deaths (number),2022,2022,302,,
IRL,Ireland,35,35,MALE,Males,TOTAL,Total,ALLCAUNB,All-cause deaths (number),2022,2022,324,,
IRL,Ireland,36,36,MALE,Males,TOTAL,Total,ALLCAUNB,All-cause deaths (number),2022,2022,302,,
IRL,Ireland,37,37,MALE,Males,TOTAL,Total,ALLCAUNB,All-cause deaths (number),2022,2022,311,,
IRL,Ireland,38,38,MALE,Males,TOTAL,Total,ALLCAUNB,All-cause deaths (number),2022,2022,316,,
IRL,Ireland,39,39,MALE,Males,TOTAL,Total,ALLCAUNB,All-cause deaths (number),2022,2022,352,,
IRL,Ireland,40,40,MALE,Males,TOTAL,Total,ALLCAUNB,All-cause deaths (number),2022,2022,308,,
IRL,Ireland,41,41,MALE,Males,TOTAL,Total,ALLCAUNB,All-cause deaths (number),2022,2022,355,,
IRL,Ireland,42,42,MALE,Males,TOTAL,Total,ALLCAUNB,All-cause deaths (number),2022,2022,344,,
IRL,Ireland,43,43,MALE,Males,TOTAL,Total,ALLCAUNB,All-cause deaths (number),2022,2022,370,,
IRL,Ireland,44,44,MALE,Males,TOTAL,Total,ALLCAUNB,All-cause deaths (number),2022,2022,352,,
IRL,Ireland,45,45,MALE,Males,TOTAL,Total,ALLCAUNB,All-cause deaths (number),2022,2022,375,,
IRL,Ireland,46,46,MALE,Males,TOTAL,Total,ALLCAUNB,All-cause deaths (number),2022,2022,357,,
IRL,Ireland,47,47,MALE,Males,TOTAL,Total,ALLCAUNB,All-cause deaths (number),2022,2022,389,,
IRL,Ireland,48,48,MALE,Males,TOTAL,Total,ALLCAUNB,All-cause deaths (number),2022,2022,354,,
IRL,Ireland,49,49,MALE,Males,TOTAL,Total,ALLCAUNB,All-cause deaths (number),2022,2022,373,,
IRL,Ireland,50,50,MALE,Males,TOTAL,Total,ALLCAUNB,All-cause deaths (number),2022,2022,412,,
IRL,Ireland,51,51,MALE,Males,TOTAL,Total,ALLCAUNB,All-cause deaths (number),2022,2022,474,,
IRL,Ireland,52,52,MALE,Males,TOTAL,Total,ALLCAUNB,All-cause deaths (number),2022,2022,503,,
IRL,Ireland,1,1,MALE,Males,TOTAL,Total,ALLCAUNB,All-cause deaths (number),2023,2023,467,,
IRL,Ireland,2,2,MALE,Males,TOTAL,Total,ALLCAUNB,All-cause deaths (number),2023,2023,474,,
IRL,Ireland,3,3,MALE,Males,TOTAL,Total,ALLCAUNB,All-cause deaths (number),2023,2023,413,,
IRL,Ireland,4,4,MALE,Males,TOTAL,Total,ALLCAUNB,All-cause deaths (number),2023,2023,390,,
IRL,Ireland,5,5,MALE,Males,TOTAL,Total,ALLCAUNB,All-cause deaths (number),2023,2023,371,,
IRL,Ireland,6,6,MALE,Males,TOTAL,Total,ALLCAUNB,All-cause deaths (number),2023,2023,388,,
IRL,Ireland,7,7,MALE,Males,TOTAL,Total,ALLCAUNB,All-cause deaths (number),2023,2023,347,,
IRL,Ireland,8,8,MALE,Males,TOTAL,Total,ALLCAUNB,All-cause deaths (number),2023,2023,336,,
IRL,Ireland,41,41,TOTAL,Total,TOTAL,Total,ALLCAUNB,All-cause deaths (number),2019,2019,596,,
IRL,Ireland,42,42,TOTAL,Total,TOTAL,Total,ALLCAUNB,All-cause deaths (number),2019,2019,594,,
IRL,Ireland,43,43,TOTAL,Total,TOTAL,Total,ALLCAUNB,All-cause deaths (number),2019,2019,604,,
IRL,Ireland,44,44,TOTAL,Total,TOTAL,Total,ALLCAUNB,All-cause deaths (number),2019,2019,637,,
IRL,Ireland,45,45,TOTAL,Total,TOTAL,Total,ALLCAUNB,All-cause deaths (number),2019,2019,597,,
IRL,Ireland,46,46,TOTAL,Total,TOTAL,Total,ALLCAUNB,All-cause deaths (number),2019,2019,624,,
IRL,Ireland,47,47,TOTAL,Total,TOTAL,Total,ALLCAUNB,All-cause deaths (number),2019,2019,654,,
IRL,Ireland,48,48,TOTAL,Total,TOTAL,Total,ALLCAUNB,All-cause deaths (number),2019,2019,629,,
IRL,Ireland,49,49,TOTAL,Total,TOTAL,Total,ALLCAUNB,All-cause deaths (number),2019,2019,639,,
IRL,Ireland,50,50,TOTAL,Total,TOTAL,Total,ALLCAUNB,All-cause deaths (number),2019,2019,674,,
IRL,Ireland,51,51,TOTAL,Total,TOTAL,Total,ALLCAUNB,All-cause deaths (number),2019,2019,725,,
IRL,Ireland,52,52,TOTAL,Total,TOTAL,Total,ALLCAUNB,All-cause deaths (number),2019,2019,709,,
IRL,Ireland,1,1,TOTAL,Total,TOTAL,Total,ALLCAUNB,All-cause deaths (number),2020,2020,708,,
IRL,Ireland,2,2,TOTAL,Total,TOTAL,Total,ALLCAUNB,All-cause deaths (number),2020,2020,737,,
IRL,Ireland,3,3,TOTAL,Total,TOTAL,Total,ALLCAUNB,All-cause deaths (number),2020,2020,648,,
IRL,Ireland,4,4,TOTAL,Total,TOTAL,Total,ALLCAUNB,All-cause deaths (number),2020,2020,622,,
IRL,Ireland,5,5,TOTAL,Total,TOTAL,Total,ALLCAUNB,All-cause deaths (number),2020,2020,639,,
IRL,Ireland,6,6,TOTAL,Total,TOTAL,Total,ALLCAUNB,All-cause deaths (number),2020,2020,639,,
IRL,Ireland,7,7,TOTAL,Total,TOTAL,Total,ALLCAUNB,All-cause deaths (number),2020,2020,663,,
IRL,Ireland,8,8,TOTAL,Total,TOTAL,Total,ALLCAUNB,All-cause deaths (number),2020,2020,630,,
IRL,Ireland,9,9,TOTAL,Total,TOTAL,Total,ALLCAUNB,All-cause deaths (number),2020,2020,625,,
IRL,Ireland,10,10,TOTAL,Total,TOTAL,Total,ALLCAUNB,All-cause deaths (number),2020,2020,642,,
IRL,Ireland,11,11,TOTAL,Total,TOTAL,Total,ALLCAUNB,All-cause deaths (number),2020,2020,622,,
IRL,Ireland,12,12,TOTAL,Total,TOTAL,Total,ALLCAUNB,All-cause deaths (number),2020,2020,626,,
IRL,Ireland,13,13,TOTAL,Total,TOTAL,Total,ALLCAUNB,All-cause deaths (number),2020,2020,680,,
IRL,Ireland,14,14,TOTAL,Total,TOTAL,Total,ALLCAUNB,All-cause deaths (number),2020,2020,835,,
IRL,Ireland,15,15,TOTAL,Total,TOTAL,Total,ALLCAUNB,All-cause deaths (number),2020,2020,898,,
IRL,Ireland,16,16,TOTAL,Total,TOTAL,Total,ALLCAUNB,All-cause deaths (number),2020,2020,848,,
IRL,Ireland,17,17,TOTAL,Total,TOTAL,Total,ALLCAUNB,All-cause deaths (number),2020,2020,762,,
IRL,Ireland,18,18,TOTAL,Total,TOTAL,Total,ALLCAUNB,All-cause deaths (number),2020,2020,696,,
IRL,Ireland,19,19,TOTAL,Total,TOTAL,Total,ALLCAUNB,All-cause deaths (number),2020,2020,654,,
IRL,Ireland,20,20,TOTAL,Total,TOTAL,Total,ALLCAUNB,All-cause deaths (number),2020,2020,605,,
IRL,Ireland,21,21,TOTAL,Total,TOTAL,Total,ALLCAUNB,All-cause deaths (number),2020,2020,549,,
IRL,Ireland,22,22,TOTAL,Total,TOTAL,Total,ALLCAUNB,All-cause deaths (number),2020,2020,575,,
IRL,Ireland,23,23,TOTAL,Total,TOTAL,Total,ALLCAUNB,All-cause deaths (number),2020,2020,520,,
IRL,Ireland,24,24,TOTAL,Total,TOTAL,Total,ALLCAUNB,All-cause deaths (number),2020,2020,537,,
IRL,Ireland,25,25,TOTAL,Total,TOTAL,Total,ALLCAUNB,All-cause deaths (number),2020,2020,522,,
IRL,Ireland,26,26,TOTAL,Total,TOTAL,Total,ALLCAUNB,All-cause deaths (number),2020,2020,509,,
IRL,Ireland,27,27,TOTAL,Total,TOTAL,Total,ALLCAUNB,All-cause deaths (number),2020,2020,480,,
IRL,Ireland,28,28,TOTAL,Total,TOTAL,Total,ALLCAUNB,All-cause deaths (number),2020,2020,515,,
IRL,Ireland,29,29,TOTAL,Total,TOTAL,Total,ALLCAUNB,All-cause deaths (number),2020,2020,562,,
IRL,Ireland,30,30,TOTAL,Total,TOTAL,Total,ALLCAUNB,All-cause deaths (number),2020,2020,524,,
IRL,Ireland,31,31,TOTAL,Total,TOTAL,Total,ALLCAUNB,All-cause deaths (number),2020,2020,478,,
IRL,Ireland,32,32,TOTAL,Total,TOTAL,Total,ALLCAUNB,All-cause deaths (number),2020,2020,536,,
IRL,Ireland,33,33,TOTAL,Total,TOTAL,Total,ALLCAUNB,All-cause deaths (number),2020,2020,530,,
IRL,Ireland,34,34,TOTAL,Total,TOTAL,Total,ALLCAUNB,All-cause deaths (number),2020,2020,540,,
IRL,Ireland,35,35,TOTAL,Total,TOTAL,Total,ALLCAUNB,All-cause deaths (number),2020,2020,541,,
IRL,Ireland,36,36,TOTAL,Total,TOTAL,Total,ALLCAUNB,All-cause deaths (number),2020,2020,534,,
IRL,Ireland,37,37,TOTAL,Total,TOTAL,Total,ALLCAUNB,All-cause deaths (number),2020,2020,605,,
IRL,Ireland,38,38,TOTAL,Total,TOTAL,Total,ALLCAUNB,All-cause deaths (number),2020,2020,515,,
IRL,Ireland,39,39,TOTAL,Total,TOTAL,Total,ALLCAUNB,All-cause deaths (number),2020,2020,538,,
IRL,Ireland,40,40,TOTAL,Total,TOTAL,Total,ALLCAUNB,All-cause deaths (number),2020,2020,618,,
IRL,Ireland,41,41,TOTAL,Total,TOTAL,Total,ALLCAUNB,All-cause deaths (number),2020,2020,600,,
IRL,Ireland,42,42,TOTAL,Total,TOTAL,Total,ALLCAUNB,All-cause deaths (number),2020,2020,595,,
IRL,Ireland,43,43,TOTAL,Total,TOTAL,Total,ALLCAUNB,All-cause deaths (number),2020,2020,623,,
IRL,Ireland,44,44,TOTAL,Total,TOTAL,Total,ALLCAUNB,All-cause deaths (number),2020,2020,644,,
IRL,Ireland,45,45,TOTAL,Total,TOTAL,Total,ALLCAUNB,All-cause deaths (number),2020,2020,581,,
IRL,Ireland,46,46,TOTAL,Total,TOTAL,Total,ALLCAUNB,All-cause deaths (number),2020,2020,621,,
IRL,Ireland,47,47,TOTAL,Total,TOTAL,Total,ALLCAUNB,All-cause deaths (number),2020,2020,583,,
IRL,Ireland,48,48,TOTAL,Total,TOTAL,Total,ALLCAUNB,All-cause deaths (number),2020,2020,584,,
IRL,Ireland,49,49,TOTAL,Total,TOTAL,Total,ALLCAUNB,All-cause deaths (number),2020,2020,608,,
IRL,Ireland,50,50,TOTAL,Total,TOTAL,Total,ALLCAUNB,All-cause deaths (number),2020,2020,599,,
IRL,Ireland,51,51,TOTAL,Total,TOTAL,Total,ALLCAUNB,All-cause deaths (number),2020,2020,617,,
IRL,Ireland,52,52,TOTAL,Total,TOTAL,Total,ALLCAUNB,All-cause deaths (number),2020,2020,635,,
IRL,Ireland,53,53,TOTAL,Total,TOTAL,Total,ALLCAUNB,All-cause deaths (number),2020,2020,677,,
IRL,Ireland,1,1,TOTAL,Total,TOTAL,Total,ALLCAUNB,All-cause deaths (number),2021,2021,798,,
IRL,Ireland,2,2,TOTAL,Total,TOTAL,Total,ALLCAUNB,All-cause deaths (number),2021,2021,918,,
IRL,Ireland,3,3,TOTAL,Total,TOTAL,Total,ALLCAUNB,All-cause deaths (number),2021,2021,985,,
IRL,Ireland,4,4,TOTAL,Total,TOTAL,Total,ALLCAUNB,All-cause deaths (number),2021,2021,982,,
IRL,Ireland,5,5,TOTAL,Total,TOTAL,Total,ALLCAUNB,All-cause deaths (number),2021,2021,898,,
IRL,Ireland,6,6,TOTAL,Total,TOTAL,Total,ALLCAUNB,All-cause deaths (number),2021,2021,845,,
IRL,Ireland,7,7,TOTAL,Total,TOTAL,Total,ALLCAUNB,All-cause deaths (number),2021,2021,760,,
IRL,Ireland,8,8,TOTAL,Total,TOTAL,Total,ALLCAUNB,All-cause deaths (number),2021,2021,675,,
IRL,Ireland,9,9,TOTAL,Total,TOTAL,Total,ALLCAUNB,All-cause deaths (number),2021,2021,630,,
IRL,Ireland,10,10,TOTAL,Total,TOTAL,Total,ALLCAUNB,All-cause deaths (number),2021,2021,588,,
IRL,Ireland,11,11,TOTAL,Total,TOTAL,Total,ALLCAUNB,All-cause deaths (number),2021,2021,583,,
IRL,Ireland,12,12,TOTAL,Total,TOTAL,Total,ALLCAUNB,All-cause deaths (number),2021,2021,597,,
IRL,Ireland,13,13,TOTAL,Total,TOTAL,Total,ALLCAUNB,All-cause deaths (number),2021,2021,622,,
IRL,Ireland,14,14,TOTAL,Total,TOTAL,Total,ALLCAUNB,All-cause deaths (number),2021,2021,570,,
IRL,Ireland,15,15,TOTAL,Total,TOTAL,Total,ALLCAUNB,All-cause deaths (number),2021,2021,589,,
IRL,Ireland,16,16,TOTAL,Total,TOTAL,Total,ALLCAUNB,All-cause deaths (number),2021,2021,596,,
IRL,Ireland,17,17,TOTAL,Total,TOTAL,Total,ALLCAUNB,All-cause deaths (number),2021,2021,593,,
IRL,Ireland,18,18,TOTAL,Total,TOTAL,Total,ALLCAUNB,All-cause deaths (number),2021,2021,632,,
IRL,Ireland,19,19,TOTAL,Total,TOTAL,Total,ALLCAUNB,All-cause deaths (number),2021,2021,589,,
IRL,Ireland,20,20,TOTAL,Total,TOTAL,Total,ALLCAUNB,All-cause deaths (number),2021,2021,574,,
IRL,Ireland,21,21,TOTAL,Total,TOTAL,Total,ALLCAUNB,All-cause deaths (number),2021,2021,612,,
IRL,Ireland,22,22,TOTAL,Total,TOTAL,Total,ALLCAUNB,All-cause deaths (number),2021,2021,569,,
IRL,Ireland,23,23,TOTAL,Total,TOTAL,Total,ALLCAUNB,All-cause deaths (number),2021,2021,560,,
IRL,Ireland,24,24,TOTAL,Total,TOTAL,Total,ALLCAUNB,All-cause deaths (number),2021,2021,516,,
IRL,Ireland,25,25,TOTAL,Total,TOTAL,Total,ALLCAUNB,All-cause deaths (number),2021,2021,523,,
IRL,Ireland,26,26,TOTAL,Total,TOTAL,Total,ALLCAUNB,All-cause deaths (number),2021,2021,590,,
IRL,Ireland,27,27,TOTAL,Total,TOTAL,Total,ALLCAUNB,All-cause deaths (number),2021,2021,519,,
IRL,Ireland,28,28,TOTAL,Total,TOTAL,Total,ALLCAUNB,All-cause deaths (number),2021,2021,600,,
IRL,Ireland,29,29,TOTAL,Total,TOTAL,Total,ALLCAUNB,All-cause deaths (number),2021,2021,656,,
IRL,Ireland,30,30,TOTAL,Total,TOTAL,Total,ALLCAUNB,All-cause deaths (number),2021,2021,569,,
IRL,Ireland,31,31,TOTAL,Total,TOTAL,Total,ALLCAUNB,All-cause deaths (number),2021,2021,537,,
IRL,Ireland,32,32,TOTAL,Total,TOTAL,Total,ALLCAUNB,All-cause deaths (number),2021,2021,615,,
IRL,Ireland,33,33,TOTAL,Total,TOTAL,Total,ALLCAUNB,All-cause deaths (number),2021,2021,596,,
IRL,Ireland,34,34,TOTAL,Total,TOTAL,Total,ALLCAUNB,All-cause deaths (number),2021,2021,578,,
IRL,Ireland,35,35,TOTAL,Total,TOTAL,Total,ALLCAUNB,All-cause deaths (number),2021,2021,625,,
IRL,Ireland,36,36,TOTAL,Total,TOTAL,Total,ALLCAUNB,All-cause deaths (number),2021,2021,647,,
IRL,Ireland,37,37,TOTAL,Total,TOTAL,Total,ALLCAUNB,All-cause deaths (number),2021,2021,567,,
IRL,Ireland,38,38,TOTAL,Total,TOTAL,Total,ALLCAUNB,All-cause deaths (number),2021,2021,624,,
IRL,Ireland,39,39,TOTAL,Total,TOTAL,Total,ALLCAUNB,All-cause deaths (number),2021,2021,689,,
IRL,Ireland,40,40,TOTAL,Total,TOTAL,Total,ALLCAUNB,All-cause deaths (number),2021,2021,642,,
IRL,Ireland,41,41,TOTAL,Total,TOTAL,Total,ALLCAUNB,All-cause deaths (number),2021,2021,673,,
IRL,Ireland,42,42,TOTAL,Total,TOTAL,Total,ALLCAUNB,All-cause deaths (number),2021,2021,682,,
IRL,Ireland,43,43,TOTAL,Total,TOTAL,Total,ALLCAUNB,All-cause deaths (number),2021,2021,656,,
IRL,Ireland,44,44,TOTAL,Total,TOTAL,Total,ALLCAUNB,All-cause deaths (number),2021,2021,742,,
IRL,Ireland,45,45,TOTAL,Total,TOTAL,Total,ALLCAUNB,All-cause deaths (number),2021,2021,704,,
IRL,Ireland,46,46,TOTAL,Total,TOTAL,Total,ALLCAUNB,All-cause deaths (number),2021,2021,664,,
IRL,Ireland,47,47,TOTAL,Total,TOTAL,Total,ALLCAUNB,All-cause deaths (number),2021,2021,728,,
IRL,Ireland,48,48,TOTAL,Total,TOTAL,Total,ALLCAUNB,All-cause deaths (number),2021,2021,703,,
IRL,Ireland,49,49,TOTAL,Total,TOTAL,Total,ALLCAUNB,All-cause deaths (number),2021,2021,724,,
IRL,Ireland,50,50,TOTAL,Total,TOTAL,Total,ALLCAUNB,All-cause deaths (number),2021,2021,690,,
IRL,Ireland,51,51,TOTAL,Total,TOTAL,Total,ALLCAUNB,All-cause deaths (number),2021,2021,748,,
IRL,Ireland,52,52,TOTAL,Total,TOTAL,Total,ALLCAUNB,All-cause deaths (number),2021,2021,687,,
IRL,Ireland,1,1,TOTAL,Total,TOTAL,Total,ALLCAUNB,All-cause deaths (number),2022,2022,744,,
IRL,Ireland,2,2,TOTAL,Total,TOTAL,Total,ALLCAUNB,All-cause deaths (number),2022,2022,662,,
IRL,Ireland,3,3,TOTAL,Total,TOTAL,Total,ALLCAUNB,All-cause deaths (number),2022,2022,737,,
IRL,Ireland,4,4,TOTAL,Total,TOTAL,Total,ALLCAUNB,All-cause deaths (number),2022,2022,694,,
IRL,Ireland,5,5,TOTAL,Total,TOTAL,Total,ALLCAUNB,All-cause deaths (number),2022,2022,703,,
IRL,Ireland,6,6,TOTAL,Total,TOTAL,Total,ALLCAUNB,All-cause deaths (number),2022,2022,689,,
IRL,Ireland,7,7,TOTAL,Total,TOTAL,Total,ALLCAUNB,All-cause deaths (number),2022,2022,687,,
IRL,Ireland,8,8,TOTAL,Total,TOTAL,Total,ALLCAUNB,All-cause deaths (number),2022,2022,697,,
IRL,Ireland,9,9,TOTAL,Total,TOTAL,Total,ALLCAUNB,All-cause deaths (number),2022,2022,678,,
IRL,Ireland,10,10,TOTAL,Total,TOTAL,Total,ALLCAUNB,All-cause deaths (number),2022,2022,698,,
IRL,Ireland,11,11,TOTAL,Total,TOTAL,Total,ALLCAUNB,All-cause deaths (number),2022,2022,652,,
IRL,Ireland,12,12,TOTAL,Total,TOTAL,Total,ALLCAUNB,All-cause deaths (number),2022,2022,682,,
IRL,Ireland,13,13,TOTAL,Total,TOTAL,Total,ALLCAUNB,All-cause deaths (number),2022,2022,668,,
IRL,Ireland,14,14,TOTAL,Total,TOTAL,Total,ALLCAUNB,All-cause deaths (number),2022,2022,725,,
IRL,Ireland,15,15,TOTAL,Total,TOTAL,Total,ALLCAUNB,All-cause deaths (number),2022,2022,765,,
IRL,Ireland,16,16,TOTAL,Total,TOTAL,Total,ALLCAUNB,All-cause deaths (number),2022,2022,683,,
IRL,Ireland,17,17,TOTAL,Total,TOTAL,Total,ALLCAUNB,All-cause deaths (number),2022,2022,659,,
IRL,Ireland,18,18,TOTAL,Total,TOTAL,Total,ALLCAUNB,All-cause deaths (number),2022,2022,600,,
IRL,Ireland,19,19,TOTAL,Total,TOTAL,Total,ALLCAUNB,All-cause deaths (number),2022,2022,647,,
IRL,Ireland,20,20,TOTAL,Total,TOTAL,Total,ALLCAUNB,All-cause deaths (number),2022,2022,673,,
IRL,Ireland,21,21,TOTAL,Total,TOTAL,Total,ALLCAUNB,All-cause deaths (number),2022,2022,654,,
IRL,Ireland,22,22,TOTAL,Total,TOTAL,Total,ALLCAUNB,All-cause deaths (number),2022,2022,594,,
IRL,Ireland,23,23,TOTAL,Total,TOTAL,Total,ALLCAUNB,All-cause deaths (number),2022,2022,607,,
IRL,Ireland,24,24,TOTAL,Total,TOTAL,Total,ALLCAUNB,All-cause deaths (number),2022,2022,633,,
IRL,Ireland,25,25,TOTAL,Total,TOTAL,Total,ALLCAUNB,All-cause deaths (number),2022,2022,585,,
IRL,Ireland,26,26,TOTAL,Total,TOTAL,Total,ALLCAUNB,All-cause deaths (number),2022,2022,635,,
IRL,Ireland,27,27,TOTAL,Total,TOTAL,Total,ALLCAUNB,All-cause deaths (number),2022,2022,623,,
IRL,Ireland,28,28,TOTAL,Total,TOTAL,Total,ALLCAUNB,All-cause deaths (number),2022,2022,626,,
IRL,Ireland,29,29,TOTAL,Total,TOTAL,Total,ALLCAUNB,All-cause deaths (number),2022,2022,607,,
IRL,Ireland,30,30,TOTAL,Total,TOTAL,Total,ALLCAUNB,All-cause deaths (number),2022,2022,621,,
IRL,Ireland,31,31,TOTAL,Total,TOTAL,Total,ALLCAUNB,All-cause deaths (number),2022,2022,609,,
IRL,Ireland,32,32,TOTAL,Total,TOTAL,Total,ALLCAUNB,All-cause deaths (number),2022,2022,631,,
IRL,Ireland,33,33,TOTAL,Total,TOTAL,Total,ALLCAUNB,All-cause deaths (number),2022,2022,598,,
IRL,Ireland,34,34,TOTAL,Total,TOTAL,Total,ALLCAUNB,All-cause deaths (number),2022,2022,612,,
IRL,Ireland,35,35,TOTAL,Total,TOTAL,Total,ALLCAUNB,All-cause deaths (number),2022,2022,597,,
IRL,Ireland,36,36,TOTAL,Total,TOTAL,Total,ALLCAUNB,All-cause deaths (number),2022,2022,618,,
IRL,Ireland,37,37,TOTAL,Total,TOTAL,Total,ALLCAUNB,All-cause deaths (number),2022,2022,584,,
IRL,Ireland,38,38,TOTAL,Total,TOTAL,Total,ALLCAUNB,All-cause deaths (number),2022,2022,628,,
IRL,Ireland,39,39,TOTAL,Total,TOTAL,Total,ALLCAUNB,All-cause deaths (number),2022,2022,668,,
IRL,Ireland,40,40,TOTAL,Total,TOTAL,Total,ALLCAUNB,All-cause deaths (number),2022,2022,644,,
IRL,Ireland,41,41,TOTAL,Total,TOTAL,Total,ALLCAUNB,All-cause deaths (number),2022,2022,699,,
IRL,Ireland,42,42,TOTAL,Total,TOTAL,Total,ALLCAUNB,All-cause deaths (number),2022,2022,670,,
IRL,Ireland,43,43,TOTAL,Total,TOTAL,Total,ALLCAUNB,All-cause deaths (number),2022,2022,686,,
IRL,Ireland,44,44,TOTAL,Total,TOTAL,Total,ALLCAUNB,All-cause deaths (number),2022,2022,682,,
IRL,Ireland,45,45,TOTAL,Total,TOTAL,Total,ALLCAUNB,All-cause deaths (number),2022,2022,693,,
IRL,Ireland,46,46,TOTAL,Total,TOTAL,Total,ALLCAUNB,All-cause deaths (number),2022,2022,717,,
IRL,Ireland,47,47,TOTAL,Total,TOTAL,Total,ALLCAUNB,All-cause deaths (number),2022,2022,715,,
IRL,Ireland,48,48,TOTAL,Total,TOTAL,Total,ALLCAUNB,All-cause deaths (number),2022,2022,718,,
IRL,Ireland,49,49,TOTAL,Total,TOTAL,Total,ALLCAUNB,All-cause deaths (number),2022,2022,760,,
IRL,Ireland,50,50,TOTAL,Total,TOTAL,Total,ALLCAUNB,All-cause deaths (number),2022,2022,811,,
IRL,Ireland,51,51,TOTAL,Total,TOTAL,Total,ALLCAUNB,All-cause deaths (number),2022,2022,920,,
IRL,Ireland,52,52,TOTAL,Total,TOTAL,Total,ALLCAUNB,All-cause deaths (number),2022,2022,988,,
IRL,Ireland,1,1,TOTAL,Total,TOTAL,Total,ALLCAUNB,All-cause deaths (number),2023,2023,950,,
IRL,Ireland,2,2,TOTAL,Total,TOTAL,Total,ALLCAUNB,All-cause deaths (number),2023,2023,917,,
IRL,Ireland,3,3,TOTAL,Total,TOTAL,Total,ALLCAUNB,All-cause deaths (number),2023,2023,812,,
IRL,Ireland,4,4,TOTAL,Total,TOTAL,Total,ALLCAUNB,All-cause deaths (number),2023,2023,758,,
IRL,Ireland,5,5,TOTAL,Total,TOTAL,Total,ALLCAUNB,All-cause deaths (number),2023,2023,690,,
IRL,Ireland,6,6,TOTAL,Total,TOTAL,Total,ALLCAUNB,All-cause deaths (number),2023,2023,711,,
IRL,Ireland,7,7,TOTAL,Total,TOTAL,Total,ALLCAUNB,All-cause deaths (number),2023,2023,674,,
IRL,Ireland,8,8,TOTAL,Total,TOTAL,Total,ALLCAUNB,All-cause deaths (number),2023,2023,661,,
IRL,Ireland,9,9,TOTAL,Total,TOTAL,Total,COVIDNB,COVID-19 deaths (number),2020,2020,1,,
IRL,Ireland,10,10,TOTAL,Total,TOTAL,Total,COVIDNB,COVID-19 deaths (number),2020,2020,0,,
IRL,Ireland,11,11,TOTAL,Total,TOTAL,Total,COVIDNB,COVID-19 deaths (number),2020,2020,2,,
IRL,Ireland,12,12,TOTAL,Total,TOTAL,Total,COVIDNB,COVID-19 deaths (number),2020,2020,12,,
IRL,Ireland,13,13,TOTAL,Total,TOTAL,Total,COVIDNB,COVID-19 deaths (number),2020,2020,75,,
IRL,Ireland,14,14,TOTAL,Total,TOTAL,Total,COVIDNB,COVID-19 deaths (number),2020,2020,179,,
IRL,Ireland,15,15,TOTAL,Total,TOTAL,Total,COVIDNB,COVID-19 deaths (number),2020,2020,256,,
IRL,Ireland,16,16,TOTAL,Total,TOTAL,Total,COVIDNB,COVID-19 deaths (number),2020,2020,258,,
IRL,Ireland,17,17,TOTAL,Total,TOTAL,Total,COVIDNB,COVID-19 deaths (number),2020,2020,218,,
IRL,Ireland,18,18,TOTAL,Total,TOTAL,Total,COVIDNB,COVID-19 deaths (number),2020,2020,157,,
IRL,Ireland,19,19,TOTAL,Total,TOTAL,Total,COVIDNB,COVID-19 deaths (number),2020,2020,116,,
IRL,Ireland,20,20,TOTAL,Total,TOTAL,Total,COVIDNB,COVID-19 deaths (number),2020,2020,73,,
IRL,Ireland,21,21,TOTAL,Total,TOTAL,Total,COVIDNB,COVID-19 deaths (number),2020,2020,39,,
IRL,Ireland,22,22,TOTAL,Total,TOTAL,Total,COVIDNB,COVID-19 deaths (number),2020,2020,38,,
IRL,Ireland,23,23,TOTAL,Total,TOTAL,Total,COVIDNB,COVID-19 deaths (number),2020,2020,24,,
IRL,Ireland,24,24,TOTAL,Total,TOTAL,Total,COVIDNB,COVID-19 deaths (number),2020,2020,15,,
IRL,Ireland,25,25,TOTAL,Total,TOTAL,Total,COVIDNB,COVID-19 deaths (number),2020,2020,10,,
IRL,Ireland,26,26,TOTAL,Total,TOTAL,Total,COVIDNB,COVID-19 deaths (number),2020,2020,13,,
IRL,Ireland,27,27,TOTAL,Total,TOTAL,Total,COVIDNB,COVID-19 deaths (number),2020,2020,7,,
IRL,Ireland,28,28,TOTAL,Total,TOTAL,Total,COVIDNB,COVID-19 deaths (number),2020,2020,3,,
IRL,Ireland,29,29,TOTAL,Total,TOTAL,Total,COVIDNB,COVID-19 deaths (number),2020,2020,5,,
IRL,Ireland,30,30,TOTAL,Total,TOTAL,Total,COVIDNB,COVID-19 deaths (number),2020,2020,2,,
IRL,Ireland,31,31,TOTAL,Total,TOTAL,Total,COVIDNB,COVID-19 deaths (number),2020,2020,2,,
IRL,Ireland,32,32,TOTAL,Total,TOTAL,Total,COVIDNB,COVID-19 deaths (number),2020,2020,4,,
IRL,Ireland,33,33,TOTAL,Total,TOTAL,Total,COVIDNB,COVID-19 deaths (number),2020,2020,1,,
IRL,Ireland,34,34,TOTAL,Total,TOTAL,Total,COVIDNB,COVID-19 deaths (number),2020,2020,1,,
IRL,Ireland,35,35,TOTAL,Total,TOTAL,Total,COVIDNB,COVID-19 deaths (number),2020,2020,1,,
IRL,Ireland,36,36,TOTAL,Total,TOTAL,Total,COVIDNB,COVID-19 deaths (number),2020,2020,4,,
IRL,Ireland,37,37,TOTAL,Total,TOTAL,Total,COVIDNB,COVID-19 deaths (number),2020,2020,10,,
IRL,Ireland,38,38,TOTAL,Total,TOTAL,Total,COVIDNB,COVID-19 deaths (number),2020,2020,9,,
IRL,Ireland,39,39,TOTAL,Total,TOTAL,Total,COVIDNB,COVID-19 deaths (number),2020,2020,12,,
IRL,Ireland,40,40,TOTAL,Total,TOTAL,Total,COVIDNB,COVID-19 deaths (number),2020,2020,12,,
IRL,Ireland,41,41,TOTAL,Total,TOTAL,Total,COVIDNB,COVID-19 deaths (number),2020,2020,20,,
IRL,Ireland,42,42,TOTAL,Total,TOTAL,Total,COVIDNB,COVID-19 deaths (number),2020,2020,30,,
IRL,Ireland,43,43,TOTAL,Total,TOTAL,Total,COVIDNB,COVID-19 deaths (number),2020,2020,34,,
IRL,Ireland,44,44,TOTAL,Total,TOTAL,Total,COVIDNB,COVID-19 deaths (number),2020,2020,38,,
IRL,Ireland,45,45,TOTAL,Total,TOTAL,Total,COVIDNB,COVID-19 deaths (number),2020,2020,50,,
IRL,Ireland,46,46,TOTAL,Total,TOTAL,Total,COVIDNB,COVID-19 deaths (number),2020,2020,39,,
IRL,Ireland,47,47,TOTAL,Total,TOTAL,Total,COVIDNB,COVID-19 deaths (number),2020,2020,45,,
IRL,Ireland,48,48,TOTAL,Total,TOTAL,Total,COVIDNB,COVID-19 deaths (number),2020,2020,44,,
IRL,Ireland,49,49,TOTAL,Total,TOTAL,Total,COVIDNB,COVID-19 deaths (number),2020,2020,36,,
IRL,Ireland,50,50,TOTAL,Total,TOTAL,Total,COVIDNB,COVID-19 deaths (number),2020,2020,35,,
IRL,Ireland,51,51,TOTAL,Total,TOTAL,Total,COVIDNB,COVID-19 deaths (number),2020,2020,36,,
IRL,Ireland,52,52,TOTAL,Total,TOTAL,Total,COVIDNB,COVID-19 deaths (number),2020,2020,55,,
IRL,Ireland,53,53,TOTAL,Total,TOTAL,Total,COVIDNB,COVID-19 deaths (number),2020,2020,74,,
IRL,Ireland,1,1,TOTAL,Total,TOTAL,Total,COVIDNB,COVID-19 deaths (number),2021,2021,168,,
IRL,Ireland,2,2,TOTAL,Total,TOTAL,Total,COVIDNB,COVID-19 deaths (number),2021,2021,345,,
IRL,Ireland,3,3,TOTAL,Total,TOTAL,Total,COVIDNB,COVID-19 deaths (number),2021,2021,435,,
IRL,Ireland,4,4,TOTAL,Total,TOTAL,Total,COVIDNB,COVID-19 deaths (number),2021,2021,426,,
IRL,Ireland,5,5,TOTAL,Total,TOTAL,Total,COVIDNB,COVID-19 deaths (number),2021,2021,334,,
IRL,Ireland,6,6,TOTAL,Total,TOTAL,Total,COVIDNB,COVID-19 deaths (number),2021,2021,251,,
IRL,Ireland,7,7,TOTAL,Total,TOTAL,Total,COVIDNB,COVID-19 deaths (number),2021,2021,171,,
IRL,Ireland,8,8,TOTAL,Total,TOTAL,Total,COVIDNB,COVID-19 deaths (number),2021,2021,131,,
IRL,Ireland,9,9,TOTAL,Total,TOTAL,Total,COVIDNB,COVID-19 deaths (number),2021,2021,76,,
IRL,Ireland,10,10,TOTAL,Total,TOTAL,Total,COVIDNB,COVID-19 deaths (number),2021,2021,63,,
IRL,Ireland,11,11,TOTAL,Total,TOTAL,Total,COVIDNB,COVID-19 deaths (number),2021,2021,52,,
IRL,Ireland,12,12,TOTAL,Total,TOTAL,Total,COVIDNB,COVID-19 deaths (number),2021,2021,43,,
IRL,Ireland,13,13,TOTAL,Total,TOTAL,Total,COVIDNB,COVID-19 deaths (number),2021,2021,41,,
IRL,Ireland,14,14,TOTAL,Total,TOTAL,Total,COVIDNB,COVID-19 deaths (number),2021,2021,29,,
IRL,Ireland,15,15,TOTAL,Total,TOTAL,Total,COVIDNB,COVID-19 deaths (number),2021,2021,24,,
IRL,Ireland,16,16,TOTAL,Total,TOTAL,Total,COVIDNB,COVID-19 deaths (number),2021,2021,19,,
IRL,Ireland,17,17,TOTAL,Total,TOTAL,Total,COVIDNB,COVID-19 deaths (number),2021,2021,15,,
IRL,Ireland,18,18,TOTAL,Total,TOTAL,Total,COVIDNB,COVID-19 deaths (number),2021,2021,13,,
IRL,Ireland,19,19,TOTAL,Total,TOTAL,Total,COVIDNB,COVID-19 deaths (number),2021,2021,4,,
IRL,Ireland,20,20,TOTAL,Total,TOTAL,Total,COVIDNB,COVID-19 deaths (number),2021,2021,15,,
IRL,Ireland,21,21,TOTAL,Total,TOTAL,Total,COVIDNB,COVID-19 deaths (number),2021,2021,6,,
IRL,Ireland,22,22,TOTAL,Total,TOTAL,Total,COVIDNB,COVID-19 deaths (number),2021,2021,5,,
IRL,Ireland,23,23,TOTAL,Total,TOTAL,Total,COVIDNB,COVID-19 deaths (number),2021,2021,2,,
IRL,Ireland,24,24,TOTAL,Total,TOTAL,Total,COVIDNB,COVID-19 deaths (number),2021,2021,8,,
IRL,Ireland,25,25,TOTAL,Total,TOTAL,Total,COVIDNB,COVID-19 deaths (number),2021,2021,5,,
IRL,Ireland,26,26,TOTAL,Total,TOTAL,Total,COVIDNB,COVID-19 deaths (number),2021,2021,4,,
IRL,Ireland,27,27,TOTAL,Total,TOTAL,Total,COVIDNB,COVID-19 deaths (number),2021,2021,1,,
IRL,Ireland,28,28,TOTAL,Total,TOTAL,Total,COVIDNB,COVID-19 deaths (number),2021,2021,6,,
IRL,Ireland,29,29,TOTAL,Total,TOTAL,Total,COVIDNB,COVID-19 deaths (number),2021,2021,7,,
IRL,Ireland,30,30,TOTAL,Total,TOTAL,Total,COVIDNB,COVID-19 deaths (number),2021,2021,10,,
IRL,Ireland,31,31,TOTAL,Total,TOTAL,Total,COVIDNB,COVID-19 deaths (number),2021,2021,12,,
IRL,Ireland,32,32,TOTAL,Total,TOTAL,Total,COVIDNB,COVID-19 deaths (number),2021,2021,16,,
IRL,Ireland,33,33,TOTAL,Total,TOTAL,Total,COVIDNB,COVID-19 deaths (number),2021,2021,16,,
IRL,Ireland,34,34,TOTAL,Total,TOTAL,Total,COVIDNB,COVID-19 deaths (number),2021,2021,34,,
IRL,Ireland,35,35,TOTAL,Total,TOTAL,Total,COVIDNB,COVID-19 deaths (number),2021,2021,49,,
IRL,Ireland,36,36,TOTAL,Total,TOTAL,Total,COVIDNB,COVID-19 deaths (number),2021,2021,38,,
IRL,Ireland,37,37,TOTAL,Total,TOTAL,Total,COVIDNB,COVID-19 deaths (number),2021,2021,40,,
IRL,Ireland,38,38,TOTAL,Total,TOTAL,Total,COVIDNB,COVID-19 deaths (number),2021,2021,41,,
IRL,Ireland,39,39,TOTAL,Total,TOTAL,Total,COVIDNB,COVID-19 deaths (number),2021,2021,53,,
IRL,Ireland,40,40,TOTAL,Total,TOTAL,Total,COVIDNB,COVID-19 deaths (number),2021,2021,37,,
IRL,Ireland,41,41,TOTAL,Total,TOTAL,Total,COVIDNB,COVID-19 deaths (number),2021,2021,58,,
IRL,Ireland,42,42,TOTAL,Total,TOTAL,Total,COVIDNB,COVID-19 deaths (number),2021,2021,51,,
IRL,Ireland,43,43,TOTAL,Total,TOTAL,Total,COVIDNB,COVID-19 deaths (number),2021,2021,63,,
IRL,Ireland,44,44,TOTAL,Total,TOTAL,Total,COVIDNB,COVID-19 deaths (number),2021,2021,74,,
IRL,Ireland,45,45,TOTAL,Total,TOTAL,Total,COVIDNB,COVID-19 deaths (number),2021,2021,50,,
IRL,Ireland,46,46,TOTAL,Total,TOTAL,Total,COVIDNB,COVID-19 deaths (number),2021,2021,50,,
IRL,Ireland,47,47,TOTAL,Total,TOTAL,Total,COVIDNB,COVID-19 deaths (number),2021,2021,77,,
IRL,Ireland,48,48,TOTAL,Total,TOTAL,Total,COVIDNB,COVID-19 deaths (number),2021,2021,63,,
IRL,Ireland,49,49,TOTAL,Total,TOTAL,Total,COVIDNB,COVID-19 deaths (number),2021,2021,54,,
IRL,Ireland,50,50,TOTAL,Total,TOTAL,Total,COVIDNB,COVID-19 deaths (number),2021,2021,54,,
IRL,Ireland,51,51,TOTAL,Total,TOTAL,Total,COVIDNB,COVID-19 deaths (number),2021,2021,53,,
IRL,Ireland,52,52,TOTAL,Total,TOTAL,Total,COVIDNB,COVID-19 deaths (number),2021,2021,57,,
IRL,Ireland,1,1,TOTAL,Total,TOTAL,Total,COVIDNB,COVID-19 deaths (number),2022,2022,72,,
IRL,Ireland,2,2,TOTAL,Total,TOTAL,Total,COVIDNB,COVID-19 deaths (number),2022,2022,80,,
IRL,Ireland,3,3,TOTAL,Total,TOTAL,Total,COVIDNB,COVID-19 deaths (number),2022,2022,65,,
IRL,Ireland,4,4,TOTAL,Total,TOTAL,Total,COVIDNB,COVID-19 deaths (number),2022,2022,81,,
IRL,Ireland,5,5,TOTAL,Total,TOTAL,Total,COVIDNB,COVID-19 deaths (number),2022,2022,70,,
IRL,Ireland,6,6,TOTAL,Total,TOTAL,Total,COVIDNB,COVID-19 deaths (number),2022,2022,51,,
IRL,Ireland,7,7,TOTAL,Total,TOTAL,Total,COVIDNB,COVID-19 deaths (number),2022,2022,51,,
IRL,Ireland,8,8,TOTAL,Total,TOTAL,Total,COVIDNB,COVID-19 deaths (number),2022,2022,48,,
IRL,Ireland,9,9,TOTAL,Total,TOTAL,Total,COVIDNB,COVID-19 deaths (number),2022,2022,58,,
IRL,Ireland,10,10,TOTAL,Total,TOTAL,Total,COVIDNB,COVID-19 deaths (number),2022,2022,69,,
IRL,Ireland,11,11,TOTAL,Total,TOTAL,Total,COVIDNB,COVID-19 deaths (number),2022,2022,69,,
IRL,Ireland,12,12,TOTAL,Total,TOTAL,Total,COVIDNB,COVID-19 deaths (number),2022,2022,72,,
IRL,Ireland,13,13,TOTAL,Total,TOTAL,Total,COVIDNB,COVID-19 deaths (number),2022,2022,97,,
IRL,Ireland,14,14,TOTAL,Total,TOTAL,Total,COVIDNB,COVID-19 deaths (number),2022,2022,92,,
IRL,Ireland,15,15,TOTAL,Total,TOTAL,Total,COVIDNB,COVID-19 deaths (number),2022,2022,89,,
IRL,Ireland,16,16,TOTAL,Total,TOTAL,Total,COVIDNB,COVID-19 deaths (number),2022,2022,62,,
IRL,Ireland,17,17,TOTAL,Total,TOTAL,Total,COVIDNB,COVID-19 deaths (number),2022,2022,49,,
IRL,Ireland,18,18,TOTAL,Total,TOTAL,Total,COVIDNB,COVID-19 deaths (number),2022,2022,40,,
IRL,Ireland,19,19,TOTAL,Total,TOTAL,Total,COVIDNB,COVID-19 deaths (number),2022,2022,29,,
IRL,Ireland,20,20,TOTAL,Total,TOTAL,Total,COVIDNB,COVID-19 deaths (number),2022,2022,20,,
IRL,Ireland,21,21,TOTAL,Total,TOTAL,Total,COVIDNB,COVID-19 deaths (number),2022,2022,20,,
IRL,Ireland,22,22,TOTAL,Total,TOTAL,Total,COVIDNB,COVID-19 deaths (number),2022,2022,16,,
IRL,Ireland,23,23,TOTAL,Total,TOTAL,Total,COVIDNB,COVID-19 deaths (number),2022,2022,18,,
IRL,Ireland,24,24,TOTAL,Total,TOTAL,Total,COVIDNB,COVID-19 deaths (number),2022,2022,22,,
IRL,Ireland,25,25,TOTAL,Total,TOTAL,Total,COVIDNB,COVID-19 deaths (number),2022,2022,38,,
IRL,Ireland,26,26,TOTAL,Total,TOTAL,Total,COVIDNB,COVID-19 deaths (number),2022,2022,30,,
IRL,Ireland,27,27,TOTAL,Total,TOTAL,Total,COVIDNB,COVID-19 deaths (number),2022,2022,32,,
IRL,Ireland,28,28,TOTAL,Total,TOTAL,Total,COVIDNB,COVID-19 deaths (number),2022,2022,52,,
IRL,Ireland,29,29,TOTAL,Total,TOTAL,Total,COVIDNB,COVID-19 deaths (number),2022,2022,42,,
IRL,Ireland,30,30,TOTAL,Total,TOTAL,Total,COVIDNB,COVID-19 deaths (number),2022,2022,36,,
IRL,Ireland,31,31,TOTAL,Total,TOTAL,Total,COVIDNB,COVID-19 deaths (number),2022,2022,34,,
IRL,Ireland,32,32,TOTAL,Total,TOTAL,Total,COVIDNB,COVID-19 deaths (number),2022,2022,29,,
IRL,Ireland,33,33,TOTAL,Total,TOTAL,Total,COVIDNB,COVID-19 deaths (number),2022,2022,23,,
IRL,Ireland,34,34,TOTAL,Total,TOTAL,Total,COVIDNB,COVID-19 deaths (number),2022,2022,15,,
IRL,Ireland,35,35,TOTAL,Total,TOTAL,Total,COVIDNB,COVID-19 deaths (number),2022,2022,18,,
IRL,Ireland,36,36,TOTAL,Total,TOTAL,Total,COVIDNB,COVID-19 deaths (number),2022,2022,10,,
IRL,Ireland,37,37,TOTAL,Total,TOTAL,Total,COVIDNB,COVID-19 deaths (number),2022,2022,9,,
IRL,Ireland,38,38,TOTAL,Total,TOTAL,Total,COVIDNB,COVID-19 deaths (number),2022,2022,18,,
IRL,Ireland,39,39,TOTAL,Total,TOTAL,Total,COVIDNB,COVID-19 deaths (number),2022,2022,27,,
IRL,Ireland,40,40,TOTAL,Total,TOTAL,Total,COVIDNB,COVID-19 deaths (number),2022,2022,23,,
IRL,Ireland,41,41,TOTAL,Total,TOTAL,Total,COVIDNB,COVID-19 deaths (number),2022,2022,26,,
IRL,Ireland,42,42,TOTAL,Total,TOTAL,Total,COVIDNB,COVID-19 deaths (number),2022,2022,28,,
IRL,Ireland,43,43,TOTAL,Total,TOTAL,Total,COVIDNB,COVID-19 deaths (number),2022,2022,27,,
IRL,Ireland,44,44,TOTAL,Total,TOTAL,Total,COVIDNB,COVID-19 deaths (number),2022,2022,31,,
IRL,Ireland,45,45,TOTAL,Total,TOTAL,Total,COVIDNB,COVID-19 deaths (number),2022,2022,25,,
IRL,Ireland,46,46,TOTAL,Total,TOTAL,Total,COVIDNB,COVID-19 deaths (number),2022,2022,35,,
IRL,Ireland,47,47,TOTAL,Total,TOTAL,Total,COVIDNB,COVID-19 deaths (number),2022,2022,18,,
IRL,Ireland,48,48,TOTAL,Total,TOTAL,Total,COVIDNB,COVID-19 deaths (number),2022,2022,40,,
IRL,Ireland,49,49,TOTAL,Total,TOTAL,Total,COVIDNB,COVID-19 deaths (number),2022,2022,25,,
IRL,Ireland,50,50,TOTAL,Total,TOTAL,Total,COVIDNB,COVID-19 deaths (number),2022,2022,35,,
IRL,Ireland,51,51,TOTAL,Total,TOTAL,Total,COVIDNB,COVID-19 deaths (number),2022,2022,50,,
IRL,Ireland,52,52,TOTAL,Total,TOTAL,Total,COVIDNB,COVID-19 deaths (number),2022,2022,57,,
IRL,Ireland,1,1,TOTAL,Total,TOTAL,Total,COVIDNB,COVID-19 deaths (number),2023,2023,56,,
IRL,Ireland,2,2,TOTAL,Total,TOTAL,Total,COVIDNB,COVID-19 deaths (number),2023,2023,41,,
IRL,Ireland,3,3,TOTAL,Total,TOTAL,Total,COVIDNB,COVID-19 deaths (number),2023,2023,35,,
IRL,Ireland,4,4,TOTAL,Total,TOTAL,Total,COVIDNB,COVID-19 deaths (number),2023,2023,23,,
IRL,Ireland,5,5,TOTAL,Total,TOTAL,Total,COVIDNB,COVID-19 deaths (number),2023,2023,15,,
IRL,Ireland,6,6,TOTAL,Total,TOTAL,Total,COVIDNB,COVID-19 deaths (number),2023,2023,17,,
IRL,Ireland,7,7,TOTAL,Total,TOTAL,Total,COVIDNB,COVID-19 deaths (number),2023,2023,10,,
IRL,Ireland,8,8,TOTAL,Total,TOTAL,Total,COVIDNB,COVID-19 deaths (number),2023,2023,8,,
IRL,Ireland,9,9,TOTAL,Total,TOTAL,Total,COVIDNB,COVID-19 deaths (number),2023,2023,8,,
IRL,Ireland,10,10,TOTAL,Total,TOTAL,Total,COVIDNB,COVID-19 deaths (number),2023,2023,7,,
IRL,Ireland,11,11,TOTAL,Total,TOTAL,Total,COVIDNB,COVID-19 deaths (number),2023,2023,8,,
IRL,Ireland,12,12,TOTAL,Total,TOTAL,Total,COVIDNB,COVID-19 deaths (number),2023,2023,4,,
IRL,Ireland,13,13,TOTAL,Total,TOTAL,Total,COVIDNB,COVID-19 deaths (number),2023,2023,3,,
IRL,Ireland,14,14,TOTAL,Total,TOTAL,Total,COVIDNB,COVID-19 deaths (number),2023,2023,0,,
IRL,Ireland,9,9,TOTAL,Total,TOTAL,Total,COVIDPC,COVID-19 deaths (% of All-cause deaths),2020,2020,0.2,,
IRL,Ireland,10,10,TOTAL,Total,TOTAL,Total,COVIDPC,COVID-19 deaths (% of All-cause deaths),2020,2020,0,,
IRL,Ireland,11,11,TOTAL,Total,TOTAL,Total,COVIDPC,COVID-19 deaths (% of All-cause deaths),2020,2020,0.3,,
IRL,Ireland,12,12,TOTAL,Total,TOTAL,Total,COVIDPC,COVID-19 deaths (% of All-cause deaths),2020,2020,1.9,,
IRL,Ireland,13,13,TOTAL,Total,TOTAL,Total,COVIDPC,COVID-19 deaths (% of All-cause deaths),2020,2020,11,,
IRL,Ireland,14,14,TOTAL,Total,TOTAL,Total,COVIDPC,COVID-19 deaths (% of All-cause deaths),2020,2020,21.4,,
IRL,Ireland,15,15,TOTAL,Total,TOTAL,Total,COVIDPC,COVID-19 deaths (% of All-cause deaths),2020,2020,28.5,,
IRL,Ireland,16,16,TOTAL,Total,TOTAL,Total,COVIDPC,COVID-19 deaths (% of All-cause deaths),2020,2020,30.4,,
IRL,Ireland,17,17,TOTAL,Total,TOTAL,Total,COVIDPC,COVID-19 deaths (% of All-cause deaths),2020,2020,28.6,,
IRL,Ireland,18,18,TOTAL,Total,TOTAL,Total,COVIDPC,COVID-19 deaths (% of All-cause deaths),2020,2020,22.6,,
IRL,Ireland,19,19,TOTAL,Total,TOTAL,Total,COVIDPC,COVID-19 deaths (% of All-cause deaths),2020,2020,17.7,,
IRL,Ireland,20,20,TOTAL,Total,TOTAL,Total,COVIDPC,COVID-19 deaths (% of All-cause deaths),2020,2020,12.1,,
IRL,Ireland,21,21,TOTAL,Total,TOTAL,Total,COVIDPC,COVID-19 deaths (% of All-cause deaths),2020,2020,7.1,,
IRL,Ireland,22,22,TOTAL,Total,TOTAL,Total,COVIDPC,COVID-19 deaths (% of All-cause deaths),2020,2020,6.6,,
IRL,Ireland,23,23,TOTAL,Total,TOTAL,Total,COVIDPC,COVID-19 deaths (% of All-cause deaths),2020,2020,4.6,,
IRL,Ireland,24,24,TOTAL,Total,TOTAL,Total,COVIDPC,COVID-19 deaths (% of All-cause deaths),2020,2020,2.8,,
IRL,Ireland,25,25,TOTAL,Total,TOTAL,Total,COVIDPC,COVID-19 deaths (% of All-cause deaths),2020,2020,1.9,,
IRL,Ireland,26,26,TOTAL,Total,TOTAL,Total,COVIDPC,COVID-19 deaths (% of All-cause deaths),2020,2020,2.6,,
IRL,Ireland,27,27,TOTAL,Total,TOTAL,Total,COVIDPC,COVID-19 deaths (% of All-cause deaths),2020,2020,1.5,,
IRL,Ireland,28,28,TOTAL,Total,TOTAL,Total,COVIDPC,COVID-19 deaths (% of All-cause deaths),2020,2020,0.6,,
IRL,Ireland,29,29,TOTAL,Total,TOTAL,Total,COVIDPC,COVID-19 deaths (% of All-cause deaths),2020,2020,0.9,,
IRL,Ireland,30,30,TOTAL,Total,TOTAL,Total,COVIDPC,COVID-19 deaths (% of All-cause deaths),2020,2020,0.4,,
IRL,Ireland,31,31,TOTAL,Total,TOTAL,Total,COVIDPC,COVID-19 deaths (% of All-cause deaths),2020,2020,0.4,,
IRL,Ireland,32,32,TOTAL,Total,TOTAL,Total,COVIDPC,COVID-19 deaths (% of All-cause deaths),2020,2020,0.7,,
IRL,Ireland,33,33,TOTAL,Total,TOTAL,Total,COVIDPC,COVID-19 deaths (% of All-cause deaths),2020,2020,0.2,,
IRL,Ireland,34,34,TOTAL,Total,TOTAL,Total,COVIDPC,COVID-19 deaths (% of All-cause deaths),2020,2020,0.2,,
IRL,Ireland,35,35,TOTAL,Total,TOTAL,Total,COVIDPC,COVID-19 deaths (% of All-cause deaths),2020,2020,0.2,,
IRL,Ireland,36,36,TOTAL,Total,TOTAL,Total,COVIDPC,COVID-19 deaths (% of All-cause deaths),2020,2020,0.7,,
IRL,Ireland,37,37,TOTAL,Total,TOTAL,Total,COVIDPC,COVID-19 deaths (% of All-cause deaths),2020,2020,1.7,,
IRL,Ireland,38,38,TOTAL,Total,TOTAL,Total,COVIDPC,COVID-19 deaths (% of All-cause deaths),2020,2020,1.7,,
IRL,Ireland,39,39,TOTAL,Total,TOTAL,Total,COVIDPC,COVID-19 deaths (% of All-cause deaths),2020,2020,2.2,,
IRL,Ireland,40,40,TOTAL,Total,TOTAL,Total,COVIDPC,COVID-19 deaths (% of All-cause deaths),2020,2020,1.9,,
IRL,Ireland,41,41,TOTAL,Total,TOTAL,Total,COVIDPC,COVID-19 deaths (% of All-cause deaths),2020,2020,3.3,,
IRL,Ireland,42,42,TOTAL,Total,TOTAL,Total,COVIDPC,COVID-19 deaths (% of All-cause deaths),2020,2020,5,,
IRL,Ireland,43,43,TOTAL,Total,TOTAL,Total,COVIDPC,COVID-19 deaths (% of All-cause deaths),2020,2020,5.5,,
IRL,Ireland,44,44,TOTAL,Total,TOTAL,Total,COVIDPC,COVID-19 deaths (% of All-cause deaths),2020,2020,5.9,,
IRL,Ireland,45,45,TOTAL,Total,TOTAL,Total,COVIDPC,COVID-19 deaths (% of All-cause deaths),2020,2020,8.6,,
IRL,Ireland,46,46,TOTAL,Total,TOTAL,Total,COVIDPC,COVID-19 deaths (% of All-cause deaths),2020,2020,6.3,,
IRL,Ireland,47,47,TOTAL,Total,TOTAL,Total,COVIDPC,COVID-19 deaths (% of All-cause deaths),2020,2020,7.7,,
IRL,Ireland,48,48,TOTAL,Total,TOTAL,Total,COVIDPC,COVID-19 deaths (% of All-cause deaths),2020,2020,7.5,,
IRL,Ireland,49,49,TOTAL,Total,TOTAL,Total,COVIDPC,COVID-19 deaths (% of All-cause deaths),2020,2020,5.9,,
IRL,Ireland,50,50,TOTAL,Total,TOTAL,Total,COVIDPC,COVID-19 deaths (% of All-cause deaths),2020,2020,5.8,,
IRL,Ireland,51,51,TOTAL,Total,TOTAL,Total,COVIDPC,COVID-19 deaths (% of All-cause deaths),2020,2020,5.8,,
IRL,Ireland,52,52,TOTAL,Total,TOTAL,Total,COVIDPC,COVID-19 deaths (% of All-cause deaths),2020,2020,8.7,,
IRL,Ireland,53,53,TOTAL,Total,TOTAL,Total,COVIDPC,COVID-19 deaths (% of All-cause deaths),2020,2020,10.9,,
IRL,Ireland,1,1,TOTAL,Total,TOTAL,Total,COVIDPC,COVID-19 deaths (% of All-cause deaths),2021,2021,21.1,,
IRL,Ireland,2,2,TOTAL,Total,TOTAL,Total,COVIDPC,COVID-19 deaths (% of All-cause deaths),2021,2021,37.6,,
IRL,Ireland,3,3,TOTAL,Total,TOTAL,Total,COVIDPC,COVID-19 deaths (% of All-cause deaths),2021,2021,44.2,,
IRL,Ireland,4,4,TOTAL,Total,TOTAL,Total,COVIDPC,COVID-19 deaths (% of All-cause deaths),2021,2021,43.4,,
IRL,Ireland,5,5,TOTAL,Total,TOTAL,Total,COVIDPC,COVID-19 deaths (% of All-cause deaths),2021,2021,37.2,,
IRL,Ireland,6,6,TOTAL,Total,TOTAL,Total,COVIDPC,COVID-19 deaths (% of All-cause deaths),2021,2021,29.7,,
IRL,Ireland,7,7,TOTAL,Total,TOTAL,Total,COVIDPC,COVID-19 deaths (% of All-cause deaths),2021,2021,22.5,,
IRL,Ireland,8,8,TOTAL,Total,TOTAL,Total,COVIDPC,COVID-19 deaths (% of All-cause deaths),2021,2021,19.4,,
IRL,Ireland,9,9,TOTAL,Total,TOTAL,Total,COVIDPC,COVID-19 deaths (% of All-cause deaths),2021,2021,12.1,,
IRL,Ireland,10,10,TOTAL,Total,TOTAL,Total,COVIDPC,COVID-19 deaths (% of All-cause deaths),2021,2021,10.7,,
IRL,Ireland,11,11,TOTAL,Total,TOTAL,Total,COVIDPC,COVID-19 deaths (% of All-cause deaths),2021,2021,8.9,,
IRL,Ireland,12,12,TOTAL,Total,TOTAL,Total,COVIDPC,COVID-19 deaths (% of All-cause deaths),2021,2021,7.2,,
IRL,Ireland,13,13,TOTAL,Total,TOTAL,Total,COVIDPC,COVID-19 deaths (% of All-cause deaths),2021,2021,6.6,,
IRL,Ireland,14,14,TOTAL,Total,TOTAL,Total,COVIDPC,COVID-19 deaths (% of All-cause deaths),2021,2021,5.1,,
IRL,Ireland,15,15,TOTAL,Total,TOTAL,Total,COVIDPC,COVID-19 deaths (% of All-cause deaths),2021,2021,4.1,,
IRL,Ireland,16,16,TOTAL,Total,TOTAL,Total,COVIDPC,COVID-19 deaths (% of All-cause deaths),2021,2021,3.2,,
IRL,Ireland,17,17,TOTAL,Total,TOTAL,Total,COVIDPC,COVID-19 deaths (% of All-cause deaths),2021,2021,2.5,,
IRL,Ireland,18,18,TOTAL,Total,TOTAL,Total,COVIDPC,COVID-19 deaths (% of All-cause deaths),2021,2021,2.1,,
IRL,Ireland,19,19,TOTAL,Total,TOTAL,Total,COVIDPC,COVID-19 deaths (% of All-cause deaths),2021,2021,0.7,,
IRL,Ireland,20,20,TOTAL,Total,TOTAL,Total,COVIDPC,COVID-19 deaths (% of All-cause deaths),2021,2021,2.6,,
IRL,Ireland,21,21,TOTAL,Total,TOTAL,Total,COVIDPC,COVID-19 deaths (% of All-cause deaths),2021,2021,1,,
IRL,Ireland,22,22,TOTAL,Total,TOTAL,Total,COVIDPC,COVID-19 deaths (% of All-cause deaths),2021,2021,0.9,,
IRL,Ireland,23,23,TOTAL,Total,TOTAL,Total,COVIDPC,COVID-19 deaths (% of All-cause deaths),2021,2021,0.4,,
IRL,Ireland,24,24,TOTAL,Total,TOTAL,Total,COVIDPC,COVID-19 deaths (% of All-cause deaths),2021,2021,1.6,,
IRL,Ireland,25,25,TOTAL,Total,TOTAL,Total,COVIDPC,COVID-19 deaths (% of All-cause deaths),2021,2021,1,,
IRL,Ireland,26,26,TOTAL,Total,TOTAL,Total,COVIDPC,COVID-19 deaths (% of All-cause deaths),2021,2021,0.7,,
IRL,Ireland,27,27,TOTAL,Total,TOTAL,Total,COVIDPC,COVID-19 deaths (% of All-cause deaths),2021,2021,0.2,,
IRL,Ireland,28,28,TOTAL,Total,TOTAL,Total,COVIDPC,COVID-19 deaths (% of All-cause deaths),2021,2021,1,,
IRL,Ireland,29,29,TOTAL,Total,TOTAL,Total,COVIDPC,COVID-19 deaths (% of All-cause deaths),2021,2021,1.1,,
IRL,Ireland,30,30,TOTAL,Total,TOTAL,Total,COVIDPC,COVID-19 deaths (% of All-cause deaths),2021,2021,1.8,,
IRL,Ireland,31,31,TOTAL,Total,TOTAL,Total,COVIDPC,COVID-19 deaths (% of All-cause deaths),2021,2021,2.2,,
IRL,Ireland,32,32,TOTAL,Total,TOTAL,Total,COVIDPC,COVID-19 deaths (% of All-cause deaths),2021,2021,2.6,,
IRL,Ireland,33,33,TOTAL,Total,TOTAL,Total,COVIDPC,COVID-19 deaths (% of All-cause deaths),2021,2021,2.7,,
IRL,Ireland,34,34,TOTAL,Total,TOTAL,Total,COVIDPC,COVID-19 deaths (% of All-cause deaths),2021,2021,5.9,,
IRL,Ireland,35,35,TOTAL,Total,TOTAL,Total,COVIDPC,COVID-19 deaths (% of All-cause deaths),2021,2021,7.8,,
IRL,Ireland,36,36,TOTAL,Total,TOTAL,Total,COVIDPC,COVID-19 deaths (% of All-cause deaths),2021,2021,5.9,,
IRL,Ireland,37,37,TOTAL,Total,TOTAL,Total,COVIDPC,COVID-19 deaths (% of All-cause deaths),2021,2021,7.1,,
IRL,Ireland,38,38,TOTAL,Total,TOTAL,Total,COVIDPC,COVID-19 deaths (% of All-cause deaths),2021,2021,6.6,,
IRL,Ireland,39,39,TOTAL,Total,TOTAL,Total,COVIDPC,COVID-19 deaths (% of All-cause deaths),2021,2021,7.7,,
IRL,Ireland,40,40,TOTAL,Total,TOTAL,Total,COVIDPC,COVID-19 deaths (% of All-cause deaths),2021,2021,5.8,,
IRL,Ireland,41,41,TOTAL,Total,TOTAL,Total,COVIDPC,COVID-19 deaths (% of All-cause deaths),2021,2021,8.6,,
IRL,Ireland,42,42,TOTAL,Total,TOTAL,Total,COVIDPC,COVID-19 deaths (% of All-cause deaths),2021,2021,7.5,,
IRL,Ireland,43,43,TOTAL,Total,TOTAL,Total,COVIDPC,COVID-19 deaths (% of All-cause deaths),2021,2021,9.6,,
IRL,Ireland,44,44,TOTAL,Total,TOTAL,Total,COVIDPC,COVID-19 deaths (% of All-cause deaths),2021,2021,10,,
IRL,Ireland,45,45,TOTAL,Total,TOTAL,Total,COVIDPC,COVID-19 deaths (% of All-cause deaths),2021,2021,7.1,,
IRL,Ireland,46,46,TOTAL,Total,TOTAL,Total,COVIDPC,COVID-19 deaths (% of All-cause deaths),2021,2021,7.5,,
IRL,Ireland,47,47,TOTAL,Total,TOTAL,Total,COVIDPC,COVID-19 deaths (% of All-cause deaths),2021,2021,10.6,,
IRL,Ireland,48,48,TOTAL,Total,TOTAL,Total,COVIDPC,COVID-19 deaths (% of All-cause deaths),2021,2021,9,,
IRL,Ireland,49,49,TOTAL,Total,TOTAL,Total,COVIDPC,COVID-19 deaths (% of All-cause deaths),2021,2021,7.5,,
IRL,Ireland,50,50,TOTAL,Total,TOTAL,Total,COVIDPC,COVID-19 deaths (% of All-cause deaths),2021,2021,7.8,,
IRL,Ireland,51,51,TOTAL,Total,TOTAL,Total,COVIDPC,COVID-19 deaths (% of All-cause deaths),2021,2021,7.1,,
IRL,Ireland,52,52,TOTAL,Total,TOTAL,Total,COVIDPC,COVID-19 deaths (% of All-cause deaths),2021,2021,8.3,,
IRL,Ireland,1,1,TOTAL,Total,TOTAL,Total,COVIDPC,COVID-19 deaths (% of All-cause deaths),2022,2022,9.7,,
IRL,Ireland,2,2,TOTAL,Total,TOTAL,Total,COVIDPC,COVID-19 deaths (% of All-cause deaths),2022,2022,12.1,,
IRL,Ireland,3,3,TOTAL,Total,TOTAL,Total,COVIDPC,COVID-19 deaths (% of All-cause deaths),2022,2022,8.8,,
IRL,Ireland,4,4,TOTAL,Total,TOTAL,Total,COVIDPC,COVID-19 deaths (% of All-cause deaths),2022,2022,11.7,,
IRL,Ireland,5,5,TOTAL,Total,TOTAL,Total,COVIDPC,COVID-19 deaths (% of All-cause deaths),2022,2022,10,,
IRL,Ireland,6,6,TOTAL,Total,TOTAL,Total,COVIDPC,COVID-19 deaths (% of All-cause deaths),2022,2022,7.4,,
IRL,Ireland,7,7,TOTAL,Total,TOTAL,Total,COVIDPC,COVID-19 deaths (% of All-cause deaths),2022,2022,7.4,,
IRL,Ireland,8,8,TOTAL,Total,TOTAL,Total,COVIDPC,COVID-19 deaths (% of All-cause deaths),2022,2022,6.9,,
IRL,Ireland,9,9,TOTAL,Total,TOTAL,Total,COVIDPC,COVID-19 deaths (% of All-cause deaths),2022,2022,8.6,,
IRL,Ireland,10,10,TOTAL,Total,TOTAL,Total,COVIDPC,COVID-19 deaths (% of All-cause deaths),2022,2022,9.9,,
IRL,Ireland,11,11,TOTAL,Total,TOTAL,Total,COVIDPC,COVID-19 deaths (% of All-cause deaths),2022,2022,10.6,,
IRL,Ireland,12,12,TOTAL,Total,TOTAL,Total,COVIDPC,COVID-19 deaths (% of All-cause deaths),2022,2022,10.6,,
IRL,Ireland,13,13,TOTAL,Total,TOTAL,Total,COVIDPC,COVID-19 deaths (% of All-cause deaths),2022,2022,14.5,,
IRL,Ireland,14,14,TOTAL,Total,TOTAL,Total,COVIDPC,COVID-19 deaths (% of All-cause deaths),2022,2022,12.7,,
IRL,Ireland,15,15,TOTAL,Total,TOTAL,Total,COVIDPC,COVID-19 deaths (% of All-cause deaths),2022,2022,11.6,,
IRL,Ireland,16,16,TOTAL,Total,TOTAL,Total,COVIDPC,COVID-19 deaths (% of All-cause deaths),2022,2022,9.1,,
IRL,Ireland,17,17,TOTAL,Total,TOTAL,Total,COVIDPC,COVID-19 deaths (% of All-cause deaths),2022,2022,7.4,,
IRL,Ireland,18,18,TOTAL,Total,TOTAL,Total,COVIDPC,COVID-19 deaths (% of All-cause deaths),2022,2022,6.7,,
IRL,Ireland,19,19,TOTAL,Total,TOTAL,Total,COVIDPC,COVID-19 deaths (% of All-cause deaths),2022,2022,4.5,,
IRL,Ireland,20,20,TOTAL,Total,TOTAL,Total,COVIDPC,COVID-19 deaths (% of All-cause deaths),2022,2022,3,,
IRL,Ireland,21,21,TOTAL,Total,TOTAL,Total,COVIDPC,COVID-19 deaths (% of All-cause deaths),2022,2022,3.1,,
IRL,Ireland,22,22,TOTAL,Total,TOTAL,Total,COVIDPC,COVID-19 deaths (% of All-cause deaths),2022,2022,2.7,,
IRL,Ireland,23,23,TOTAL,Total,TOTAL,Total,COVIDPC,COVID-19 deaths (% of All-cause deaths),2022,2022,3,,
IRL,Ireland,24,24,TOTAL,Total,TOTAL,Total,COVIDPC,COVID-19 deaths (% of All-cause deaths),2022,2022,3.5,,
IRL,Ireland,25,25,TOTAL,Total,TOTAL,Total,COVIDPC,COVID-19 deaths (% of All-cause deaths),2022,2022,6.5,,
IRL,Ireland,26,26,TOTAL,Total,TOTAL,Total,COVIDPC,COVID-19 deaths (% of All-cause deaths),2022,2022,4.7,,
IRL,Ireland,27,27,TOTAL,Total,TOTAL,Total,COVIDPC,COVID-19 deaths (% of All-cause deaths),2022,2022,5.1,,
IRL,Ireland,28,28,TOTAL,Total,TOTAL,Total,COVIDPC,COVID-19 deaths (% of All-cause deaths),2022,2022,8.3,,
IRL,Ireland,29,29,TOTAL,Total,TOTAL,Total,COVIDPC,COVID-19 deaths (% of All-cause deaths),2022,2022,6.9,,
IRL,Ireland,30,30,TOTAL,Total,TOTAL,Total,COVIDPC,COVID-19 deaths (% of All-cause deaths),2022,2022,5.8,,
IRL,Ireland,31,31,TOTAL,Total,TOTAL,Total,COVIDPC,COVID-19 deaths (% of All-cause deaths),2022,2022,5.6,,
IRL,Ireland,32,32,TOTAL,Total,TOTAL,Total,COVIDPC,COVID-19 deaths (% of All-cause deaths),2022,2022,4.6,,
IRL,Ireland,33,33,TOTAL,Total,TOTAL,Total,COVIDPC,COVID-19 deaths (% of All-cause deaths),2022,2022,3.8,,
IRL,Ireland,34,34,TOTAL,Total,TOTAL,Total,COVIDPC,COVID-19 deaths (% of All-cause deaths),2022,2022,2.5,,
IRL,Ireland,35,35,TOTAL,Total,TOTAL,Total,COVIDPC,COVID-19 deaths (% of All-cause deaths),2022,2022,3,,
IRL,Ireland,36,36,TOTAL,Total,TOTAL,Total,COVIDPC,COVID-19 deaths (% of All-cause deaths),2022,2022,1.6,,
IRL,Ireland,37,37,TOTAL,Total,TOTAL,Total,COVIDPC,COVID-19 deaths (% of All-cause deaths),2022,2022,1.5,,
IRL,Ireland,38,38,TOTAL,Total,TOTAL,Total,COVIDPC,COVID-19 deaths (% of All-cause deaths),2022,2022,2.9,,
IRL,Ireland,39,39,TOTAL,Total,TOTAL,Total,COVIDPC,COVID-19 deaths (% of All-cause deaths),2022,2022,4,,
IRL,Ireland,40,40,TOTAL,Total,TOTAL,Total,COVIDPC,COVID-19 deaths (% of All-cause deaths),2022,2022,3.6,,
IRL,Ireland,41,41,TOTAL,Total,TOTAL,Total,COVIDPC,COVID-19 deaths (% of All-cause deaths),2022,2022,3.7,,
IRL,Ireland,42,42,TOTAL,Total,TOTAL,Total,COVIDPC,COVID-19 deaths (% of All-cause deaths),2022,2022,4.2,,
IRL,Ireland,43,43,TOTAL,Total,TOTAL,Total,COVIDPC,COVID-19 deaths (% of All-cause deaths),2022,2022,3.9,,
IRL,Ireland,44,44,TOTAL,Total,TOTAL,Total,COVIDPC,COVID-19 deaths (% of All-cause deaths),2022,2022,4.5,,
IRL,Ireland,45,45,TOTAL,Total,TOTAL,Total,COVIDPC,COVID-19 deaths (% of All-cause deaths),2022,2022,3.6,,
IRL,Ireland,46,46,TOTAL,Total,TOTAL,Total,COVIDPC,COVID-19 deaths (% of All-cause deaths),2022,2022,4.9,,
IRL,Ireland,47,47,TOTAL,Total,TOTAL,Total,COVIDPC,COVID-19 deaths (% of All-cause deaths),2022,2022,2.5,,
IRL,Ireland,48,48,TOTAL,Total,TOTAL,Total,COVIDPC,COVID-19 deaths (% of All-cause deaths),2022,2022,5.6,,
IRL,Ireland,49,49,TOTAL,Total,TOTAL,Total,COVIDPC,COVID-19 deaths (% of All-cause deaths),2022,2022,3.3,,
IRL,Ireland,50,50,TOTAL,Total,TOTAL,Total,COVIDPC,COVID-19 deaths (% of All-cause deaths),2022,2022,4.3,,
IRL,Ireland,51,51,TOTAL,Total,TOTAL,Total,COVIDPC,COVID-19 deaths (% of All-cause deaths),2022,2022,5.4,,
IRL,Ireland,52,52,TOTAL,Total,TOTAL,Total,COVIDPC,COVID-19 deaths (% of All-cause deaths),2022,2022,5.8,,
IRL,Ireland,1,1,TOTAL,Total,TOTAL,Total,COVIDPC,COVID-19 deaths (% of All-cause deaths),2023,2023,5.9,,
IRL,Ireland,2,2,TOTAL,Total,TOTAL,Total,COVIDPC,COVID-19 deaths (% of All-cause deaths),2023,2023,4.5,,
IRL,Ireland,3,3,TOTAL,Total,TOTAL,Total,COVIDPC,COVID-19 deaths (% of All-cause deaths),2023,2023,4.3,,
IRL,Ireland,4,4,TOTAL,Total,TOTAL,Total,COVIDPC,COVID-19 deaths (% of All-cause deaths),2023,2023,3,,
IRL,Ireland,5,5,TOTAL,Total,TOTAL,Total,COVIDPC,COVID-19 deaths (% of All-cause deaths),2023,2023,2.2,,
IRL,Ireland,6,6,TOTAL,Total,TOTAL,Total,COVIDPC,COVID-19 deaths (% of All-cause deaths),2023,2023,2.4,,
IRL,Ireland,7,7,TOTAL,Total,TOTAL,Total,COVIDPC,COVID-19 deaths (% of All-cause deaths),2023,2023,1.5,,
IRL,Ireland,8,8,TOTAL,Total,TOTAL,Total,COVIDPC,COVID-19 deaths (% of All-cause deaths),2023,2023,1.2,,
IRL,Ireland,9,9,TOTAL,Total,TOTAL,Total,COVIDPC,COVID-19 deaths (% of All-cause deaths),2023,2023,1.3,,
